,video_name,task_name,start,stop,idx_people,class,idx_class,class_time_start,class_time_stop,video_split
0,U6bLLOuA-rs,U6bLLOuA-rs_0.29_0.31,0.29,0.31,1.0,ConcealedGun,1.0,0.29,0.31,Train
1,U6bLLOuA-rs,U6bLLOuA-rs_0.32_0.36,0.32,0.36,2.0,UnconcealedGun,1.0,0.32,0.35,Train
2,U6bLLOuA-rs,U6bLLOuA-rs_0.32_0.36,0.32,0.36,2.0,Gun,2.0,0.32,0.36,Train
3,U6bLLOuA-rs,U6bLLOuA-rs_0.37_0.59,0.37,0.59,2.0,UnconcealedGun,1.0,0.37,0.59,Train
4,U6bLLOuA-rs,U6bLLOuA-rs_0.37_0.59,0.37,0.59,2.0,Gun,2.0,0.37,0.59,Train
5,U6bLLOuA-rs,U6bLLOuA-rs_1.06_1.37,1.06,1.37,2.0,ConcealedGun,1.0,1.13,1.37,Train
6,U6bLLOuA-rs,U6bLLOuA-rs_1.06_1.37,1.06,1.37,2.0,UnconcealedGun,2.0,1.20,1.37,Train
7,U6bLLOuA-rs,U6bLLOuA-rs_1.39_2.13,1.39,2.13,3.0,UnconcealedGun,1.0,1.39,2.09,Train
8,U6bLLOuA-rs,U6bLLOuA-rs_1.39_2.13,1.39,2.13,3.0,UnconcealedGun,3.0,1.39,1.46,Train
9,U6bLLOuA-rs,U6bLLOuA-rs_1.39_2.13,1.39,2.13,3.0,Gun,2.0,1.39,1.49,Train
10,U6bLLOuA-rs,U6bLLOuA-rs_1.39_2.13,1.39,2.13,3.0,Gun,2.0,2.01,2.12,Train
11,oA6x3tiseLI,oA6x3tiseLI_0.29_0.31,0.29,0.31,5.0,ConcealedGun,1.0,0.29,0.31,Test
12,oA6x3tiseLI,oA6x3tiseLI_0.29_0.31,0.29,0.31,5.0,UnconcealedGun,2.0,0.29,0.31,Test
13,oA6x3tiseLI,oA6x3tiseLI_0.29_0.31,0.29,0.31,5.0,UnconcealedGun,3.0,0.29,0.31,Test
14,oA6x3tiseLI,oA6x3tiseLI_0.29_0.31,0.29,0.31,5.0,UnconcealedGun,4.0,0.29,0.31,Test
15,oA6x3tiseLI,oA6x3tiseLI_0.29_0.31,0.29,0.31,5.0,UnconcealedGun,5.0,0.29,0.31,Test
16,oA6x3tiseLI,oA6x3tiseLI_0.32_0.35,0.32,0.35,5.0,UnconcealedGun,1.0,0.32,0.33,Test
17,oA6x3tiseLI,oA6x3tiseLI_0.32_0.35,0.32,0.35,5.0,UnconcealedGun,2.0,0.32,0.35,Test
18,oA6x3tiseLI,oA6x3tiseLI_0.32_0.35,0.32,0.35,5.0,Gun,3.0,0.32,0.35,Test
19,oA6x3tiseLI,oA6x3tiseLI_0.32_0.35,0.32,0.35,5.0,UnconcealedGun,4.0,0.32,0.33,Test
20,oA6x3tiseLI,oA6x3tiseLI_0.32_0.35,0.32,0.35,5.0,UnconcealedGun,5.0,0.32,0.33,Test
21,oA6x3tiseLI,oA6x3tiseLI_0.42_0.48,0.42,0.48,2.0,UnconcealedGun,1.0,0.42,0.48,Test
22,oA6x3tiseLI,oA6x3tiseLI_0.42_0.48,0.42,0.48,2.0,Gun,2.0,0.43,0.48,Test
23,oA6x3tiseLI,oA6x3tiseLI_1.54_2.44,1.54,2.44,3.0,UnconcealedGun,1.0,1.54,1.57,Test
24,oA6x3tiseLI,oA6x3tiseLI_1.54_2.44,1.54,2.44,3.0,UnconcealedGun,1.0,2.05,2.36,Test
25,oA6x3tiseLI,oA6x3tiseLI_1.54_2.44,1.54,2.44,3.0,Gun,2.0,1.56,2.00,Test
26,oA6x3tiseLI,oA6x3tiseLI_1.54_2.44,1.54,2.44,3.0,Gun,2.0,2.16,2.43,Test
27,oA6x3tiseLI,oA6x3tiseLI_1.54_2.44,1.54,2.44,3.0,Gun,3.0,1.57,2.38,Test
28,oA6x3tiseLI,oA6x3tiseLI_3.24_3.31,3.24,3.31,9.0,Gun,1.0,3.24,3.30,Test
29,oA6x3tiseLI,oA6x3tiseLI_3.24_3.31,3.24,3.31,9.0,UnconcealedGun,2.0,3.24,3.31,Test
30,oA6x3tiseLI,oA6x3tiseLI_3.24_3.31,3.24,3.31,9.0,UnconcealedGun,3.0,3.24,3.31,Test
31,oA6x3tiseLI,oA6x3tiseLI_3.24_3.31,3.24,3.31,9.0,UnconcealedGun,4.0,3.24,3.31,Test
32,oA6x3tiseLI,oA6x3tiseLI_3.24_3.31,3.24,3.31,9.0,UnconcealedGun,5.0,3.25,3.31,Test
33,oA6x3tiseLI,oA6x3tiseLI_3.24_3.31,3.24,3.31,9.0,UnconcealedGun,6.0,3.24,3.24,Test
34,oA6x3tiseLI,oA6x3tiseLI_3.24_3.32,3.24,3.31,9.0,UnconcealedGun,6.0,3.27,3.27,Test
35,oA6x3tiseLI,oA6x3tiseLI_3.24_3.31,3.24,3.31,9.0,UnconcealedGun,7.0,3.24,3.25,Test
36,oA6x3tiseLI,oA6x3tiseLI_3.24_3.31,3.24,3.31,9.0,UnconcealedGun,8.0,3.24,3.25,Test
37,oA6x3tiseLI,oA6x3tiseLI_3.24_3.31,3.24,3.31,9.0,UnconcealedGun,9.0,3.24,3.24,Test
38,oA6x3tiseLI,oA6x3tiseLI_3.24_3.31,3.24,3.31,9.0,UnconcealedGun,9.0,3.26,3.29,Test
39,i8wfCtcHls4,i8wfCtcHls4_0.49_1.03,0.49,1.03,3.0,UnconcealedGun,1.0,0.49,0.58,Train
40,i8wfCtcHls4,i8wfCtcHls4_0.49_1.03,0.49,1.03,3.0,ConcealedGun,2.0,0.52,1.03,Train
41,i8wfCtcHls4,i8wfCtcHls4_0.49_1.03,0.49,1.03,3.0,UnconcealedGun,3.0,0.59,1.01,Train
42,i8wfCtcHls4,i8wfCtcHls4_0.49_1.04,1.16,1.2,1.0,Gun,1.0,1.16,1.20,Train
43,i8wfCtcHls4,i8wfCtcHls4_0.49_1.05,1.26,1.45,2.0,Gun,1.0,1.26,1.45,Train
44,i8wfCtcHls4,i8wfCtcHls4_0.49_1.05,1.26,1.45,2.0,UnconcealedGun,2.0,1.26,1.45,Train
45,6agl_Gpig9I,6agl_Gpig9I_0.08_0.15,0.08,0.15,4.0,UnconcealedGun,1.0,0.08,0.15,Test
46,6agl_Gpig9I,6agl_Gpig9I_0.08_0.15,0.08,0.15,4.0,UnconcealedGun,2.0,0.08,0.15,Test
47,6agl_Gpig9I,6agl_Gpig9I_0.08_0.15,0.08,0.15,4.0,ConcealedGun,3.0,0.08,0.15,Test
48,6agl_Gpig9I,6agl_Gpig9I_0.08_0.15,0.08,0.15,4.0,ConcealedGun,4.0,0.12,0.15,Test
49,6agl_Gpig9I,6agl_Gpig9I_0.16_0.55,0.16,0.55,4.0,UnconcealedGun,1.0,0.16,0.55,Test
50,6agl_Gpig9I,6agl_Gpig9I_0.16_0.55,0.16,0.55,4.0,UnconcealedGun,2.0,0.16,0.24,Test
51,6agl_Gpig9I,6agl_Gpig9I_0.16_0.55,0.16,0.55,4.0,UnconcealedGun,2.0,0.30,0.33,Test
52,6agl_Gpig9I,6agl_Gpig9I_0.16_0.55,0.16,0.55,4.0,UnconcealedGun,2.0,0.37,0.55,Test
53,6agl_Gpig9I,6agl_Gpig9I_0.16_0.55,0.16,0.55,4.0,Gun,3.0,0.16,0.25,Test
54,6agl_Gpig9I,6agl_Gpig9I_0.16_0.55,0.16,0.55,4.0,Gun,3.0,0.29,0.55,Test
55,6agl_Gpig9I,6agl_Gpig9I_0.16_0.55,0.16,0.55,4.0,Gun,4.0,0.16,0.39,Test
56,6agl_Gpig9I,6agl_Gpig9I_0.16_0.55,0.16,0.55,4.0,Gun,4.0,0.44,0.55,Test
57,KarNGVaRylU,KarNGVaRylU_0.3_0.4,0.30,0.4,2.0,UnconcealedGun,1.0,0.30,0.40,Train
58,KarNGVaRylU,KarNGVaRylU_0.3_0.4,0.30,0.4,2.0,ConcealedGun,2.0,0.38,0.40,Train
59,KarNGVaRylU,KarNGVaRylU_0.41_0.56,0.41,0.56,2.0,UnconcealedGun,1.0,0.41,0.56,Train
60,KarNGVaRylU,KarNGVaRylU_0.41_0.56,0.41,0.56,2.0,Gun,2.0,0.41,0.56,Train
61,G50KOaQqM-k,G50KOaQqM-k_0_0.33,0.00,0.33,3.0,UnconcealedGun,1.0,0.00,0.28,Train
62,G50KOaQqM-k,G50KOaQqM-k_0_0.33,0.00,0.33,3.0,UnconcealedGun,2.0,0.00,0.12,Train
63,G50KOaQqM-k,G50KOaQqM-k_0_0.33,0.00,0.33,3.0,UnconcealedGun,3.0,0.15,0.32,Train
64,G50KOaQqM-k,G50KOaQqM-k_1.29_3.33,1.29,3.33,3.0,UnconcealedGun,1.0,1.29,2.12,Train
65,G50KOaQqM-k,G50KOaQqM-k_1.29_3.33,1.29,3.33,3.0,UnconcealedGun,2.0,1.31,1.53,Train
66,G50KOaQqM-k,G50KOaQqM-k_1.29_3.33,1.29,3.33,3.0,UnconcealedGun,2.0,1.59,3.29,Train
67,G50KOaQqM-k,G50KOaQqM-k_1.29_3.33,1.29,3.33,3.0,UnconcealedGun,3.0,2.14,3.32,Train
68,hTXaZp0nPBY,hTXaZp0nPBY_0.35_0.4,0.35,0.4,2.0,ConcealedGun,1.0,0.35,0.35,Train
69,hTXaZp0nPBY,hTXaZp0nPBY_0.35_0.4,0.35,0.4,2.0,UnconcealedGun,2.0,0.35,0.40,Train
70,hTXaZp0nPBY,hTXaZp0nPBY_0.41_0.44,0.41,0.44,2.0,ConcealedGun,1.0,0.41,0.44,Train
71,hTXaZp0nPBY,hTXaZp0nPBY_0.41_0.44,0.41,0.44,2.0,UnconcealedGun,2.0,0.41,0.44,Train
72,hTXaZp0nPBY,hTXaZp0nPBY_0.45_0.47,0.45,0.47,2.0,Gun,1.0,0.45,0.47,Train
73,hTXaZp0nPBY,hTXaZp0nPBY_0.45_0.47,0.45,0.47,2.0,UnconcealedGun,2.0,0.45,0.47,Train
74,hTXaZp0nPBY,hTXaZp0nPBY_0.52_0.54,0.52,0.54,2.0,Gun,1.0,0.52,0.54,Train
75,hTXaZp0nPBY,hTXaZp0nPBY_0.52_0.54,0.52,0.54,2.0,UnconcealedGun,2.0,0.52,0.54,Train
76,i9fnhArLf2Y,i9fnhArLf2Y_0.26_0.47,0.26,0.47,4.0,UnconcealedGun,1.0,0.26,0.47,Train
77,i9fnhArLf2Y,i9fnhArLf2Y_0.26_0.47,0.26,0.47,4.0,UnconcealedGun,2.0,0.26,0.47,Train
78,i9fnhArLf2Y,i9fnhArLf2Y_0.26_0.47,0.26,0.47,4.0,ConcealedGun,3.0,0.26,0.47,Train
79,i9fnhArLf2Y,i9fnhArLf2Y_0.26_0.47,0.26,0.47,4.0,UnconcealedGun,4.0,0.33,0.47,Train
80,i9fnhArLf2Y,i9fnhArLf2Y_048_0.55,0.48,0.55,4.0,UnconcealedGun,1.0,0.48,0.52,Train
81,i9fnhArLf2Y,i9fnhArLf2Y_048_0.55,0.48,0.55,4.0,Gun,2.0,0.48,0.52,Train
82,i9fnhArLf2Y,i9fnhArLf2Y_048_0.55,0.48,0.55,4.0,Gun,3.0,0.48,0.52,Train
83,i9fnhArLf2Y,i9fnhArLf2Y_048_0.55,0.48,0.55,4.0,Gun,3.0,0.54,0.55,Train
84,i9fnhArLf2Y,i9fnhArLf2Y_048_0.55,0.48,0.55,4.0,UnconcealedGun,4.0,0.48,0.53,Train
85,i9fnhArLf2Y,i9fnhArLf2Y_0.56_1.11,0.56,1.11,4.0,UnconcealedGun,1.0,0.56,1.08,Train
86,i9fnhArLf2Y,i9fnhArLf2Y_0.56_1.11,0.56,1.11,4.0,Gun,2.0,0.56,1.00,Train
87,i9fnhArLf2Y,i9fnhArLf2Y_0.56_1.11,0.56,1.11,4.0,Gun,3.0,0.56,1.09,Train
88,i9fnhArLf2Y,i9fnhArLf2Y_0.56_1.11,0.56,1.11,4.0,UnconcealedGun,4.0,1.00,1.01,Train
89,VVNE_38ZExI,VVNE_38ZExI_0.56_1.09,0.56,1.09,2.0,ConcealedGun,1.0,0.56,1.09,Train
90,VVNE_38ZExI,VVNE_38ZExI_0.56_1.09,0.56,1.09,2.0,UnconcealedGun,2.0,0.56,1.09,Train
91,VVNE_38ZExI,VVNE_38ZExI_1.1_1.2,1.10,1.2,3.0,Gun,1.0,1.10,1.14,Train
92,VVNE_38ZExI,VVNE_38ZExI_1.1_1.2,1.10,1.2,3.0,UnconcealedGun,2.0,1.10,1.20,Train
93,VVNE_38ZExI,VVNE_38ZExI_1.1_1.2,1.10,1.2,3.0,UnconcealedGun,3.0,1.11,1.20,Train
94,VVNE_38ZExI,VVNE_38ZExI_1.1_1.2,1.23,2.18,3.0,Gun,1.0,1.23,2.18,Train
95,VVNE_38ZExI,VVNE_38ZExI_1.1_1.2,1.23,2.18,3.0,UnconcealedGun,2.0,1.23,1.25,Train
96,VVNE_38ZExI,VVNE_38ZExI_1.1_1.2,1.23,2.18,3.0,UnconcealedGun,2.0,1.42,2.18,Train
97,VVNE_38ZExI,VVNE_38ZExI_1.1_1.2,1.23,2.18,3.0,UnconcealedGun,3.0,1.34,2.02,Train
98,X5g-4FtRCfc,X5g-4FtRCfc_0.15_1.29,0.15,1.29,3.0,ConcealedGun,1.0,0.15,0.44,Test
99,X5g-4FtRCfc,X5g-4FtRCfc_0.15_1.29,0.15,1.29,3.0,ConcealedGun,1.0,0.46,0.47,Test
100,X5g-4FtRCfc,X5g-4FtRCfc_0.15_1.29,0.15,1.29,3.0,ConcealedGun,1.0,0.49,1.29,Test
101,X5g-4FtRCfc,X5g-4FtRCfc_0.15_1.29,0.15,1.29,3.0,UnconcealedGun,2.0,0.21,0.44,Test
102,X5g-4FtRCfc,X5g-4FtRCfc_0.15_1.29,0.15,1.29,3.0,UnconcealedGun,2.0,0.46,0.47,Test
103,X5g-4FtRCfc,X5g-4FtRCfc_0.15_1.29,0.15,1.29,3.0,UnconcealedGun,2.0,0.49,0.57,Test
104,X5g-4FtRCfc,X5g-4FtRCfc_0.15_1.29,0.15,1.29,3.0,UnconcealedGun,2.0,1.06,1.29,Test
105,X5g-4FtRCfc,X5g-4FtRCfc_0.15_1.29,0.15,1.29,3.0,UnconcealedGun,3.0,0.22,0.28,Test
106,X5g-4FtRCfc,X5g-4FtRCfc_0.15_1.29,0.15,1.29,3.0,UnconcealedGun,3.0,0.36,0.47,Test
107,X5g-4FtRCfc,X5g-4FtRCfc_0.15_1.29,0.15,1.29,3.0,UnconcealedGun,3.0,0.46,0.47,Test
108,X5g-4FtRCfc,X5g-4FtRCfc_0.15_1.29,0.15,1.29,3.0,UnconcealedGun,3.0,0.49,1.29,Test
109,X5g-4FtRCfc,X5g-4FtRCfc_1.3_1.33,1.30,1.33,3.0,Gun,1.0,1.30,1.32,Test
110,X5g-4FtRCfc,X5g-4FtRCfc_1.3_1.33,1.30,1.33,3.0,UnconcealedGun,2.0,1.30,1.33,Test
111,X5g-4FtRCfc,X5g-4FtRCfc_1.3_1.33,1.30,1.33,3.0,UnconcealedGun,3.0,1.30,1.31,Test
112,GCRKZPe7AuQ,GCRKZPe7AuQ_0.48_0.53,0.48,0.53,3.0,UnconcealedGun,1.0,0.48,0.53,Train
113,GCRKZPe7AuQ,GCRKZPe7AuQ_0.48_0.53,0.48,0.53,3.0,ConcealedGun,2.0,0.48,0.53,Train
114,GCRKZPe7AuQ,GCRKZPe7AuQ_0.48_0.53,0.48,0.53,3.0,ConcealedGun,3.0,0.48,0.53,Train
115,GCRKZPe7AuQ,GCRKZPe7AuQ_0.54_1.3,0.54,1.3,4.0,UnconcealedGun,1.0,0.48,1.01,Train
116,GCRKZPe7AuQ,GCRKZPe7AuQ_0.54_1.3,0.54,1.3,4.0,Gun,2.0,0.48,1.30,Train
117,GCRKZPe7AuQ,GCRKZPe7AuQ_0.54_1.3,0.54,1.3,4.0,Gun,3.0,0.48,1.30,Train
118,GCRKZPe7AuQ,GCRKZPe7AuQ_0.54_1.3,0.54,1.3,4.0,UnconcealedGun,4.0,1.01,1.30,Train
119,vEil03za6cM,vEil03za6cM_0.31_0.34,0.31,0.34,2.0,UnconcealedGun,1.0,0.31,0.34,Train
120,vEil03za6cM,vEil03za6cM_0.31_0.34,0.31,0.34,2.0,ConcealedGun,2.0,0.31,0.34,Train
121,vEil03za6cM,vEil03za6cM_0.37_0.45,0.37,0.45,2.0,UnconcealedGun,1.0,0.37,0.45,Train
122,vEil03za6cM,vEil03za6cM_0.37_0.45,0.37,0.45,2.0,Gun,2.0,0.37,0.45,Train
123,thVhVjn59mg,thVhVjn59mg_0.2_1.04,0.20,1.04,3.0,UnconcealedGun,1.0,0.20,0.42,Train
124,thVhVjn59mg,thVhVjn59mg_0.2_1.04,0.20,1.04,3.0,UnconcealedGun,2.0,0.38,0.57,Train
125,thVhVjn59mg,thVhVjn59mg_0.2_1.04,0.20,1.04,3.0,UnconcealedGun,3.0,0.59,1.04,Train
126,thVhVjn59mg,thVhVjn59mg_1.07_1.12,1.07,1.12,1.0,UnconcealedGun,1.0,1.07,1.12,Train
127,thVhVjn59mg,thVhVjn59mg_1.14_2.14,1.14,2.14,3.0,UnconcealedGun,1.0,1.14,1.37,Train
128,thVhVjn59mg,thVhVjn59mg_1.14_2.14,1.14,2.14,3.0,UnconcealedGun,1.0,1.40,1.46,Train
129,thVhVjn59mg,thVhVjn59mg_1.14_2.14,1.14,2.14,3.0,UnconcealedGun,2.0,1.43,2.04,Train
130,thVhVjn59mg,thVhVjn59mg_1.14_2.14,1.14,2.14,3.0,UnconcealedGun,3.0,1.50,2.11,Train
131,MQjUSGCp9FM,MQjUSGCp9FM_0.32_0.35,0.32,0.35,2.0,UnconcealedGun,1.0,0.32,0.35,Train
132,MQjUSGCp9FM,MQjUSGCp9FM_0.32_0.35,0.32,0.35,2.0,ConcealedGun,2.0,0.32,0.35,Train
133,MQjUSGCp9FM,MQjUSGCp9FM_0.36_0.39,0.36,0.39,2.0,Gun,1.0,0.36,0.39,Train
134,MQjUSGCp9FM,MQjUSGCp9FM_0.36_0.39,0.36,0.39,2.0,UnconcealedGun,2.0,0.36,0.37,Train
135,MQjUSGCp9FM,MQjUSGCp9FM_0.41_0.5,0.41,0.5,3.0,UnconcealedGun,1.0,0.41,0.41,Train
136,MQjUSGCp9FM,MQjUSGCp9FM_0.41_0.5,0.41,0.5,3.0,UnconcealedGun,1.0,0.47,0.50,Train
137,MQjUSGCp9FM,MQjUSGCp9FM_0.41_0.5,0.41,0.5,3.0,UnconcealedGun,2.0,0.41,0.50,Train
138,MQjUSGCp9FM,MQjUSGCp9FM_0.41_0.5,0.41,0.5,3.0,Gun,3.0,0.41,0.50,Train
139,MQjUSGCp9FM,MQjUSGCp9FM_0.51_0.57,0.51,0.57,3.0,Gun,1.0,0.51,0.57,Train
140,MQjUSGCp9FM,MQjUSGCp9FM_0.51_0.57,0.51,0.57,3.0,UnconcealedGun,2.0,0.51,0.57,Train
141,MQjUSGCp9FM,MQjUSGCp9FM_0.51_0.57,0.51,0.57,3.0,UnconcealedGun,3.0,0.53,0.56,Train
142,KOnRB278zcA,KOnRB278zcA_0.24_0.36,0.24,0.36,2.0,ConcealedGun,1.0,0.24,0.36,Train
143,KOnRB278zcA,KOnRB278zcA_0.24_0.36,0.24,0.36,2.0,UnconcealedGun,2.0,0.24,0.36,Train
144,KOnRB278zcA,KOnRB278zcA_0.37_0.47,0.37,0.47,3.0,Gun,1.0,0.37,0.47,Train
145,KOnRB278zcA,KOnRB278zcA_0.37_0.47,0.37,0.47,3.0,UnconcealedGun,2.0,0.37,0.46,Train
146,KOnRB278zcA,KOnRB278zcA_0.37_0.47,0.37,0.47,3.0,UnconcealedGun,3.0,0.42,0.47,Train
147,9yxg4OyjYGA,9yxg4OyjYGA_0.0_0.02,0.00,0.02,1.0,ConcealedGun,1.0,0.00,0.10,Train
148,9yxg4OyjYGA,9yxg4OyjYGA_0.04_0.06,0.04,0.06,1.0,ConcealedGun,1.0,0.04,0.05,Train
149,9yxg4OyjYGA,9yxg4OyjYGA_0.07_0.12,0.07,0.12,3.0,ConcealedGun,1.0,0.07,0.12,Train
150,9yxg4OyjYGA,9yxg4OyjYGA_0.07_0.12,0.07,0.12,3.0,UnconcealedGun,2.0,0.07,0.12,Train
151,9yxg4OyjYGA,9yxg4OyjYGA_0.07_0.12,0.07,0.12,3.0,UnconcealedGun,3.0,0.07,0.12,Train
152,9yxg4OyjYGA,9yxg4OyjYGA_0.13_0.24,0.13,0.24,3.0,Gun,1.0,0.13,0.24,Train
153,9yxg4OyjYGA,9yxg4OyjYGA_0.13_0.24,0.13,0.24,3.0,UnconcealedGun,2.0,0.13,0.24,Train
154,9yxg4OyjYGA,9yxg4OyjYGA_0.13_0.24,0.13,0.24,3.0,UnconcealedGun,3.0,0.13,0.24,Train
155,rjuHAGIaLXw,rjuHAGIaLXw_0.55_1.03,0.55,1.03,2.0,UnconcealedGun,1.0,0.55,1.03,Test
156,rjuHAGIaLXw,rjuHAGIaLXw_0.55_1.04,0.55,1.03,2.0,ConcealedGun,2.0,0.56,1.03,Test
157,rjuHAGIaLXw,rjuHAGIaLXw_1.04_1.32,1.04,1.32,3.0,Gun,1.0,1.04,1.32,Test
158,rjuHAGIaLXw,rjuHAGIaLXw_1.04_1.32,1.04,1.32,3.0,ConcealedGun,2.0,1.30,1.32,Test
159,rjuHAGIaLXw,rjuHAGIaLXw_1.04_1.32,1.04,1.32,3.0,UnconcealedGun,3.0,1.04,1.32,Test
160,rjuHAGIaLXw,rjuHAGIaLXw_1.33_1.46,1.33,1.46,3.0,ConcealedGun,1.0,1.33,1.39,Test
161,rjuHAGIaLXw,rjuHAGIaLXw_1.33_1.46,1.33,1.46,3.0,ConcealedGun,2.0,1.33,1.44,Test
162,rjuHAGIaLXw,rjuHAGIaLXw_1.33_1.46,1.33,1.46,3.0,UnconcealedGun,2.0,1.33,1.46,Test
163,Jvgc8VtfHvk,Jvgc8VtfHvk_0.36_0.45,0.36,0.45,4.0,UnconcealedGun,1.0,0.36,0.43,Train
164,Jvgc8VtfHvk,Jvgc8VtfHvk_0.36_0.45,0.36,0.45,4.0,UnconcealedGun,2.0,0.36,0.45,Train
165,Jvgc8VtfHvk,Jvgc8VtfHvk_0.36_0.45,0.36,0.45,4.0,UnconcealedGun,3.0,0.37,0.45,Train
166,Jvgc8VtfHvk,Jvgc8VtfHvk_0.36_0.45,0.36,0.45,4.0,ConcealedGun,4.0,0.41,0.45,Train
167,Jvgc8VtfHvk,Jvgc8VtfHvk_0.46_0.5,0.46,0.5,3.0,UnconcealedGun,1.0,0.46,0.50,Train
168,Jvgc8VtfHvk,Jvgc8VtfHvk_0.46_0.5,`,0.5,3.0,UnconcealedGun,2.0,0.46,0.49,Train
169,Jvgc8VtfHvk,Jvgc8VtfHvk_0.46_0.5,0.46,0.5,3.0,Gun,3.0,0.46,0.50,Train
170,Jvgc8VtfHvk,Jvgc8VtfHvk_1.05_1.1,1.05,1.1,1.0,ConcealedGun,1.0,1.05,1.10,Train
171,Jvgc8VtfHvk,Jvgc8VtfHvk_1.12_1.34,1.12,1.34,2.0,UnconcealedGun,1.0,1.12,1.34,Train
172,Jvgc8VtfHvk,Jvgc8VtfHvk_1.12_1.34,1.12,1.34,2.0,Gun,2.0,1.12,1.34,Train
173,Jvgc8VtfHvk,Jvgc8VtfHvk_1.48_2.04,1.48,2.04,5.0,UnconcealedGun,1.0,1.48,1.59,Train
174,Jvgc8VtfHvk,Jvgc8VtfHvk_1.48_2.04,1.48,2.04,5.0,Gun,2.0,1.48,2.04,Train
175,Jvgc8VtfHvk,Jvgc8VtfHvk_1.48_2.04,1.48,2.04,5.0,Gun,3.0,1.48,2.01,Train
176,Jvgc8VtfHvk,Jvgc8VtfHvk_1.48_2.04,1.48,2.04,5.0,Gun,4.0,1.53,1.59,Train
177,Jvgc8VtfHvk,Jvgc8VtfHvk_1.48_2.04,1.48,2.04,5.0,Gun,5.0,1.49,1.50,Train
178,Jvgc8VtfHvk,Jvgc8VtfHvk_1.48_2.04,1.48,2.04,5.0,Gun,5.0,1.52,2.02,Train
179,Jvgc8VtfHvk,Jvgc8VtfHvk_2.12_2.2,2.12,2.2,2.0,UnconcealedGun,1.0,2.12,2.16,Train
180,Jvgc8VtfHvk,Jvgc8VtfHvk_2.12_2.2,2.12,2.2,2.0,Gun,2.0,2.12,2.13,Train
181,Jvgc8VtfHvk,Jvgc8VtfHvk_2.12_2.2,2.12,2.2,2.0,Gun,2.0,2.15,2.20,Train
182,Jvgc8VtfHvk,Jvgc8VtfHvk_2.38_2.44,2.38,2.44,3.0,UnconcealedGun,1.0,2.38,2.44,Train
183,Jvgc8VtfHvk,Jvgc8VtfHvk_2.38_2.44,2.38,2.44,3.0,UnconcealedGun,2.0,2.42,2.43,Train
184,Jvgc8VtfHvk,Jvgc8VtfHvk_2.38_2.44,2.38,2.44,3.0,Gun,3.0,2.38,2.41,Train
185,Jvgc8VtfHvk,Jvgc8VtfHvk_2.48_2.57,2.48,2.57,4.0,UnconcealedGun,1.0,2.48,2.57,Train
186,Jvgc8VtfHvk,Jvgc8VtfHvk_2.48_2.57,2.48,2.57,4.0,UnconcealedGun,2.0,2.48,2.51,Train
187,Jvgc8VtfHvk,Jvgc8VtfHvk_2.48_2.57,2.48,2.57,4.0,Gun,3.0,2.48,2.52,Train
188,Jvgc8VtfHvk,Jvgc8VtfHvk_2.48_2.57,2.48,2.57,4.0,Gun,4.0,2.48,2.49,Train
189,Jvgc8VtfHvk,Jvgc8VtfHvk_2.48_2.57,2.48,2.57,4.0,Gun,4.0,2.53,2.57,Train
190,Ak-lGxf8Nx4,Ak-lGxf8Nx4_0.0_3.4,0.00,3.4,5.0,UnconcealedGun,1.0,0.00,0.20,Train
191,Ak-lGxf8Nx4,Ak-lGxf8Nx4_0.0_3.4,0.00,3.4,5.0,UnconcealedGun,1.0,0.29,1.10,Train
192,Ak-lGxf8Nx4,Ak-lGxf8Nx4_0.0_3.4,0.00,3.4,5.0,UnconcealedGun,1.0,1.24,2.07,Train
193,Ak-lGxf8Nx4,Ak-lGxf8Nx4_0.0_3.4,0.00,3.4,5.0,UnconcealedGun,1.0,2.10,3.00,Train
194,Ak-lGxf8Nx4,Ak-lGxf8Nx4_0.0_3.4,0.00,3.4,5.0,UnconcealedGun,1.0,3.05,3.09,Train
195,Ak-lGxf8Nx4,Ak-lGxf8Nx4_0.0_3.4,0.00,3.4,5.0,Gun,1.0,3.10,3.23,Train
196,Ak-lGxf8Nx4,Ak-lGxf8Nx4_0.0_3.4,0.00,3.4,5.0,Gun,1.0,3.36,3.40,Train
197,Ak-lGxf8Nx4,Ak-lGxf8Nx4_0.0_3.4,0.00,3.4,5.0,Gun,2.0,0.00,0.57,Train
198,Ak-lGxf8Nx4,Ak-lGxf8Nx4_0.0_3.4,0.00,3.4,5.0,Gun,2.0,1.02,1.02,Train
199,Ak-lGxf8Nx4,Ak-lGxf8Nx4_0.0_3.4,0.00,3.4,5.0,Gun,2.0,1.04,1.31,Train
200,Ak-lGxf8Nx4,Ak-lGxf8Nx4_0.0_3.4,0.00,3.4,5.0,Gun,2.0,1.33,2.29,Train
201,Ak-lGxf8Nx4,Ak-lGxf8Nx4_0.0_3.4,0.00,3.4,5.0,UnconcealedGun,2.0,2.30,3.35,Train
202,Ak-lGxf8Nx4,Ak-lGxf8Nx4_0.0_3.4,0.00,3.4,5.0,Gun,2.0,3.36,3.40,Train
203,Ak-lGxf8Nx4,Ak-lGxf8Nx4_0.0_3.4,0.00,3.4,5.0,Gun,3.0,0.00,0.34,Train
204,Ak-lGxf8Nx4,Ak-lGxf8Nx4_0.0_3.4,0.00,3.4,5.0,Gun,3.0,0.48,2.19,Train
205,Ak-lGxf8Nx4,Ak-lGxf8Nx4_0.0_3.4,0.00,3.4,5.0,UnconcealedGun,3.0,2.20,2.35,Train
206,Ak-lGxf8Nx4,Ak-lGxf8Nx4_0.0_3.4,0.00,3.4,5.0,Gun,3.0,2.36,3.03,Train
207,Ak-lGxf8Nx4,Ak-lGxf8Nx4_0.0_3.4,0.00,3.4,5.0,UnconcealedGun,3.0,3.04,3.12,Train
208,Ak-lGxf8Nx4,Ak-lGxf8Nx4_0.0_3.4,0.00,3.4,5.0,Gun,4.0,0.00,2.31,Train
209,Ak-lGxf8Nx4,Ak-lGxf8Nx4_0.0_3.4,0.00,3.4,5.0,UnconcealedGun,4.0,2.32,3.06,Train
210,Ak-lGxf8Nx4,Ak-lGxf8Nx4_0.0_3.4,0.00,3.4,5.0,Gun,4.0,3.07,3.40,Train
211,Ak-lGxf8Nx4,Ak-lGxf8Nx4_0.0_3.4,0.00,3.4,5.0,UnconcealedGun,5.0,0.25,3.40,Train
212,7Ffcq2_TjOc,7Ffcq2_TjOc_0.19_0.4,0.19,0.4,5.0,UnconcealedGun,1.0,0.19,0.25,Test
213,7Ffcq2_TjOc,7Ffcq2_TjOc_0.19_0.4,0.19,0.4,5.0,UnconcealedGun,2.0,0.19,0.38,Test
214,7Ffcq2_TjOc,7Ffcq2_TjOc_0.19_0.4,0.19,0.4,5.0,UnconcealedGun,3.0,0.19,0.39,Test
215,7Ffcq2_TjOc,7Ffcq2_TjOc_0.19_0.4,0.19,0.4,5.0,UnconcealedGun,4.0,0.30,0.39,Test
216,7Ffcq2_TjOc,7Ffcq2_TjOc_0.19_0.4,0.19,0.4,5.0,ConcealedGun,5.0,0.28,0.39,Test
217,7Ffcq2_TjOc,7Ffcq2_TjOc_0.52_1.11,0.52,1.11,2.0,Gun,1.0,0.52,1.11,Test
218,7Ffcq2_TjOc,7Ffcq2_TjOc_0.52_1.11,0.52,1.11,2.0,UnconcealedGun,2.0,0.52,0.55,Test
219,B9xQM8GEiYk,B9xQM8GEiYk_0.07_1.12,0.07,1.12,2.0,UnconcealedGun,1.0,0.08,0.14,Train
220,B9xQM8GEiYk,B9xQM8GEiYk_0.07_1.12,0.07,1.12,2.0,UnconcealedGun,2.0,0.16,1.12,Train
221,B9xQM8GEiYk,B9xQM8GEiYk_2.39_2.59,2.39,2.59,2.0,UnconcealedGun,1.0,2.39,2.57,Train
222,B9xQM8GEiYk,B9xQM8GEiYk_2.39_2.59,2.39,2.59,2.0,UnconcealedGun,2.0,2.42,2.59,Train
223,6ibLsAtYE9U,6ibLsAtYE9U_0.33_0.35,0.33,0.35,1.0,ConcealedGun,1.0,0.33,0.35,Train
224,6ibLsAtYE9U,6ibLsAtYE9U_0.36_0.38,0.36,0.38,2.0,Gun,1.0,0.36,0.38,Train
225,6ibLsAtYE9U,6ibLsAtYE9U_0.36_0.38,0.36,0.38,2.0,UnconcealedGun,2.0,0.36,0.38,Train
226,6ibLsAtYE9U,6ibLsAtYE9U_0.39_0.43,0.39,0.43,2.0,Gun,1.0,0.39,0.42,Train
227,6ibLsAtYE9U,6ibLsAtYE9U_0.39_0.43,0.39,0.43,2.0,UnconcealedGun,2.0,0.39,0.43,Train
228,wLzRvavHREE,wLzRvavHREE_0.35_0.38,0.35,0.38,1.0,ConcealedGun,1.0,0.35,0.38,Train
229,wLzRvavHREE,wLzRvavHREE_0.41_0.48,0.41,0.48,2.0,Gun,1.0,0.41,0.48,Train
230,wLzRvavHREE,wLzRvavHREE_0.41_0.48,0.41,0.48,2.0,UnconcealedGun,2.0,0.42,0.48,Train
231,DetJSwenagI,DetJSwenagI_0.32_0.39,0.32,0.39,2.0,UnconcealedGun,1.0,0.32,0.39,Train
232,DetJSwenagI,DetJSwenagI_0.32_0.39,0.32,0.39,2.0,UnconcealedGun,2.0,0.32,0.39,Train
233,Pcao3eNU3RE,Pcao3eNU3RE_0.16_0.5,0.16,0.5,4.0,UnconcealedGun,1.0,0.16,0.48,Train
234,Pcao3eNU3RE,Pcao3eNU3RE_0.16_0.5,0.16,0.5,4.0,UnconcealedGun,2.0,0.16,0.18,Train
235,Pcao3eNU3RE,Pcao3eNU3RE_0.16_0.5,0.16,0.5,4.0,UnconcealedGun,2.0,0.30,0.48,Train
236,Pcao3eNU3RE,Pcao3eNU3RE_0.16_0.5,0.16,0.5,4.0,UnconcealedGun,3.0,0.16,0.30,Train
237,Pcao3eNU3RE,Pcao3eNU3RE_0.16_0.5,0.16,0.5,4.0,ConcealedGun,4.0,0.18,0.50,Train
238,Pcao3eNU3RE,Pcao3eNU3RE_0.51_1.2,0.51,1.2,1.0,Gun,1.0,0.51,1.20,Train
239,rS3IPCUdFf0,rS3IPCUdFf0_0.36_0.41,0.36,0.41,3.0,ConcealedGun,1.0,0.36,0.41,Train
240,rS3IPCUdFf0,rS3IPCUdFf0_0.36_0.41,0.36,0.41,3.0,UnconcealedGun,2.0,0.36,0.41,Train
241,rS3IPCUdFf0,rS3IPCUdFf0_0.36_0.41,0.36,0.41,3.0,ConcealedGun,3.0,0.38,0.41,Train
242,rS3IPCUdFf0,rS3IPCUdFf0_0.42_0.44,0.42,0.44,3.0,ConcealedGun,1.0,0.42,0.44,Train
243,rS3IPCUdFf0,rS3IPCUdFf0_0.42_0.44,0.42,0.44,3.0,UnconcealedGun,2.0,0.42,0.44,Train
244,rS3IPCUdFf0,rS3IPCUdFf0_0.42_0.44,0.42,0.44,3.0,Gun,3.0,0.42,0.44,Train
245,rS3IPCUdFf0,rS3IPCUdFf0_0.47_0.51,0.47,0.51,3.0,Gun,1.0,0.47,0.51,Train
246,rS3IPCUdFf0,rS3IPCUdFf0_0.47_0.51,0.47,0.51,3.0,UnconcealedGun,2.0,0.47,0.51,Train
247,rS3IPCUdFf0,rS3IPCUdFf0_0.47_0.51,0.47,0.51,3.0,ConcealedGun,3.0,0.47,0.51,Train
248,rS3IPCUdFf0,rS3IPCUdFf0_0.52_0.57,0.52,0.57,1.0,ConcealedGun,1.0,0.52,0.55,Train
249,r29OV7nLElA,r29OV7nLElA_0.29_0.37,0.29,0.37,3.0,UnconcealedGun,1.0,0.29,0.35,Train
250,r29OV7nLElA,r29OV7nLElA_0.29_0.37,0.29,0.37,3.0,ConcealedGun,2.0,0.32,0.36,Train
251,r29OV7nLElA,r29OV7nLElA_0.29_0.37,0.29,0.37,3.0,UnconcealedGun,3.0,0.33,0.35,Train
252,5oUJhp09HqM,5oUJhp09HqM_0.04_0.07,0.04,0.07,3.0,ConcealedGun,1.0,0.04,0.06,Train
253,5oUJhp09HqM,5oUJhp09HqM_0.04_0.07,0.04,0.07,3.0,ConcealedGun,2.0,0.04,0.07,Train
254,5oUJhp09HqM,5oUJhp09HqM_0.04_0.07,0.04,0.07,3.0,UnconcealedGun,3.0,0.04,0.07,Train
255,5oUJhp09HqM,5oUJhp09HqM_0.09_0.34,0.09,0.34,2.0,ConcealedGun,1.0,0.09,0.11,Train
256,5oUJhp09HqM,5oUJhp09HqM_0.09_0.34,0.09,0.34,2.0,ConcealedGun,1.0,0.13,0.14,Train
257,5oUJhp09HqM,5oUJhp09HqM_0.09_0.34,0.09,0.34,2.0,ConcealedGun,1.0,0.17,0.22,Train
258,5oUJhp09HqM,5oUJhp09HqM_0.09_0.34,0.09,0.34,2.0,ConcealedGun,2.0,0.12,0.14,Train
259,5oUJhp09HqM,5oUJhp09HqM_0.09_0.34,0.09,0.34,2.0,ConcealedGun,2.0,0.16,0.22,Train
260,5oUJhp09HqM,5oUJhp09HqM_0.09_0.34,0.09,0.34,2.0,ConcealedGun,2.0,0.24,0.34,Train
261,5oUJhp09HqM,5oUJhp09HqM_0.36_1.05,0.36,1.05,6.0,Gun,1.0,0.36,0.41,Train
262,5oUJhp09HqM,5oUJhp09HqM_0.36_1.05,0.36,1.05,6.0,Gun,1.0,0.49,1.00,Train
263,5oUJhp09HqM,5oUJhp09HqM_0.36_1.05,0.36,1.05,6.0,Gun,2.0,0.37,1.04,Train
264,5oUJhp09HqM,5oUJhp09HqM_0.36_1.05,0.36,1.05,6.0,UnconcealedGun,3.0,0.37,1.01,Train
265,5oUJhp09HqM,5oUJhp09HqM_0.36_1.05,0.36,1.05,6.0,UnconcealedGun,4.0,0.36,0.37,Train
266,5oUJhp09HqM,5oUJhp09HqM_0.36_1.05,0.36,1.05,6.0,UnconcealedGun,4.0,0.49,1.05,Train
267,5oUJhp09HqM,5oUJhp09HqM_0.36_1.05,0.36,1.05,6.0,UnconcealedGun,5.0,0.36,0.39,Train
268,5oUJhp09HqM,5oUJhp09HqM_0.36_1.05,0.36,1.05,6.0,UnconcealedGun,5.0,0.41,0.48,Train
269,5oUJhp09HqM,5oUJhp09HqM_0.36_1.05,0.36,1.05,6.0,UnconcealedGun,6.0,0.36,1.05,Train
270,5oUJhp09HqM,5oUJhp09HqM_1.06_1.18,1.06,1.18,6.0,UnconcealedGun,1.0,1.06,1.18,Train
271,5oUJhp09HqM,5oUJhp09HqM_1.06_1.18,1.06,1.18,6.0,UnconcealedGun,2.0,1.06,1.18,Train
272,5oUJhp09HqM,5oUJhp09HqM_1.06_1.18,1.06,1.18,6.0,UnconcealedGun,3.0,1.06,1.18,Train
273,5oUJhp09HqM,5oUJhp09HqM_1.06_1.18,1.06,1.18,6.0,Gun,4.0,1.08,1.15,Train
274,5oUJhp09HqM,5oUJhp09HqM_1.06_1.18,1.06,1.18,6.0,Gun,5.0,1.09,1.18,Train
275,5oUJhp09HqM,5oUJhp09HqM_1.06_1.18,1.06,1.18,6.0,UnconcealedGun,6.0,1.09,1.16,Train
276,Ganb677llso,Ganb677llso_0.28_0.32,0.28,0.32,1.0,ConcealedGun,1.0,0.29,0.32,Test
277,Ganb677llso,Ganb677llso_0.33_0.36,0.33,0.36,1.0,Gun,1.0,0.33,0.36,Test
278,Ganb677llso,Ganb677llso_0.37_0.47,0.37,0.47,2.0,Gun,1.0,0.37,0.43,Test
279,Ganb677llso,Ganb677llso_0.37_0.47,0.37,0.47,2.0,Gun,2.0,0.44,0.47,Test
280,Ganb677llso,Ganb677llso_0.37_0.47,0.37,0.47,2.0,UnconcealedGun,1.0,0.37,0.43,Test
281,Ganb677llso,Ganb677llso_0.37_0.47,0.37,0.47,2.0,UnconcealedGun,2.0,0.44,0.44,Test
282,dU_7zyF5Wpc,dU_7zyF5Wpc_0.47_0.52,0.47,0.52,4.0,ConcealedGun,1.0,0.47,0.52,Train
283,dU_7zyF5Wpc,dU_7zyF5Wpc_0.47_0.52,0.47,0.52,4.0,ConcealedGun,2.0,0.47,0.52,Train
284,dU_7zyF5Wpc,dU_7zyF5Wpc_0.47_0.52,0.47,0.52,4.0,UnconcealedGun,1.0,0.49,0.52,Train
285,dU_7zyF5Wpc,dU_7zyF5Wpc_0.47_0.52,0.47,0.52,4.0,UnconcealedGun,2.0,0.50,0.52,Train
286,dU_7zyF5Wpc,dU_7zyF5Wpc_0.53_1.17,0.53,1.17,5.0,UnconcealedGun,1.0,0.53,0.57,Train
287,dU_7zyF5Wpc,dU_7zyF5Wpc_0.53_1.17,0.53,1.17,5.0,UnconcealedGun,2.0,0.53,1.01,Train
288,dU_7zyF5Wpc,dU_7zyF5Wpc_0.53_1.17,0.53,1.17,5.0,UnconcealedGun,3.0,0.53,0.57,Train
289,dU_7zyF5Wpc,dU_7zyF5Wpc_0.53_1.17,0.53,1.17,5.0,Gun,1.0,0.54,1.16,Train
290,dU_7zyF5Wpc,dU_7zyF5Wpc_0.53_1.17,0.53,1.17,5.0,Gun,2.0,0.55,1.14,Train
291,dU_7zyF5Wpc,dU_7zyF5Wpc_0.53_1.17,0.53,1.17,5.0,Gun,2.0,1.16,1.16,Train
292,3hLgFt-mUwc,3hLgFt-mUwc_0.31_0.36,0.31,0.36,2.0,UnconcealedGun,1.0,0.31,0.33,Train
293,3hLgFt-mUwc,3hLgFt-mUwc_0.31_0.36,0.31,0.36,2.0,ConcealedGun,2.0,0.31,0.35,Train
294,3hLgFt-mUwc,3hLgFt-mUwc_1.35_1.55,1.35,1.55,3.0,UnconcealedGun,1.0,1.35,1.55,Train
295,3hLgFt-mUwc,3hLgFt-mUwc_1.35_1.55,1.35,1.55,3.0,UnconcealedGun,2.0,1.35,1.44,Train
296,3hLgFt-mUwc,3hLgFt-mUwc_1.35_1.55,1.35,1.55,3.0,UnconcealedGun,2.0,1.48,1.50,Train
297,3hLgFt-mUwc,3hLgFt-mUwc_1.35_1.55,1.35,1.55,3.0,Gun,3.0,1.41,1.54,Train
298,brCOpw2j2l8,brCOpw2j2l8_0.24_0.3,0.24,0.3,1.0,ConcealedGun,1.0,0.24,0.29,Train
299,brCOpw2j2l8,brCOpw2j2l8_0.32_0.33,0.32,0.33,1.0,ConcealedGun,1.0,0.32,0.33,Train
300,brCOpw2j2l8,brCOpw2j2l8_0.34_0.45,0.34,0.45,2.0,Gun,1.0,0.34,0.45,Train
301,brCOpw2j2l8,brCOpw2j2l8_0.34_0.45,0.34,0.45,2.0,Gun,2.0,0.34,0.45,Train
302,7NGlfG_HZOE,ไม่มีเฟรม,0.00,0.5,4.0,ConcealedGun,1.0,0.00,0.50,Test
303,7NGlfG_HZOE,ไม่มีเฟรม,0.00,0.5,4.0,UnconcealedGun,2.0,0.00,0.50,Test
304,7NGlfG_HZOE,ไม่มีเฟรม,0.00,0.5,4.0,UnconcealedGun,3.0,0.00,0.50,Test
305,7NGlfG_HZOE,ไม่มีเฟรม,0.00,0.5,4.0,UnconcealedGun,4.0,0.00,0.50,Test
306,7NGlfG_HZOE,ไม่มีเฟรม,0.51,1.02,1.0,Gun,1.0,0.51,1.02,Test
307,8vay1IvFjR4,8vay1IvFjR4_0.24_0.44,0.24,0.44,1.0,ConcealedGun,1.0,0.24,0.44,Train
308,8vay1IvFjR4,8vay1IvFjR4_0.45_0.52,0.45,0.52,2.0,Gun,1.0,0.45,0.51,Train
309,8vay1IvFjR4,8vay1IvFjR4_0.45_0.52,0.45,0.52,2.0,UnconcealedGun,2.0,0.46,0.47,Train
310,mKl_LC2WuM0,ไม่มีเฟรม,0.00,0.06,7.0,UnconcealedGun,1.0,0.00,0.02,Test
311,mKl_LC2WuM0,ไม่มีเฟรม,0.00,0.06,7.0,ConcealedGun,2.0,0.00,0.02,Test
312,mKl_LC2WuM0,ไม่มีเฟรม,0.00,0.06,7.0,ConcealedGun,3.0,0.03,0.06,Test
313,mKl_LC2WuM0,ไม่มีเฟรม,0.00,0.06,7.0,ConcealedGun,4.0,0.03,0.06,Test
314,mKl_LC2WuM0,ไม่มีเฟรม,0.00,0.06,7.0,UnconcealedGun,5.0,0.03,0.06,Test
315,mKl_LC2WuM0,ไม่มีเฟรม,0.00,0.06,7.0,UnconcealedGun,6.0,0.04,0.06,Test
316,mKl_LC2WuM0,ไม่มีเฟรม,0.00,0.06,7.0,UnconcealedGun,7.0,0.06,0.06,Test
317,mKl_LC2WuM0,ไม่มีเฟรม,0.07,0.17,5.0,UnconcealedGun,1.0,0.07,0.14,Test
318,mKl_LC2WuM0,ไม่มีเฟรม,0.07,0.17,5.0,UnconcealedGun,2.0,0.07,0.17,Test
319,mKl_LC2WuM0,ไม่มีเฟรม,0.07,0.17,5.0,UnconcealedGun,3.0,0.07,0.17,Test
320,mKl_LC2WuM0,ไม่มีเฟรม,0.07,0.17,5.0,ConcealedGun,4.0,0.10,0.17,Test
321,mKl_LC2WuM0,ไม่มีเฟรม,0.07,0.17,5.0,UnconcealedGun,5.0,0.15,0.17,Test
322,mKl_LC2WuM0,ไม่มีเฟรม,0.18,0.42,5.0,Gun,1.0,0.18,0.42,Test
323,mKl_LC2WuM0,ไม่มีเฟรม,0.18,0.42,5.0,UnconcealedGun,2.0,0.18,0.42,Test
324,mKl_LC2WuM0,ไม่มีเฟรม,0.18,0.42,5.0,UnconcealedGun,3.0,0.18,0.39,Test
325,mKl_LC2WuM0,ไม่มีเฟรม,0.18,0.42,5.0,UnconcealedGun,4.0,0.18,0.31,Test
326,mKl_LC2WuM0,ไม่มีเฟรม,0.18,0.42,5.0,Gun,5.0,0.34,0.42,Test
327,mKl_LC2WuM0,ไม่มีเฟรม,0.43,0.47,4.0,UnconcealedGun,1.0,0.43,0.47,Test
328,mKl_LC2WuM0,ไม่มีเฟรม,0.43,0.47,4.0,UnconcealedGun,2.0,0.43,0.47,Test
329,mKl_LC2WuM0,ไม่มีเฟรม,0.43,0.47,4.0,Gun,3.0,0.43,0.47,Test
330,mKl_LC2WuM0,ไม่มีเฟรม,0.43,0.47,4.0,Gun,4.0,0.43,0.47,Test
331,mKl_LC2WuM0,ไม่มีเฟรม,0.48,0.53,2.0,Gun,1.0,0.48,0.53,Test
332,mKl_LC2WuM0,ไม่มีเฟรม,0.48,0.53,2.0,Gun,2.0,0.48,0.53,Test
333,mKl_LC2WuM0,ไม่มีเฟรม,0.54,1.11,4.0,UnconcealedGun,1.0,0.54,1.11,Test
334,mKl_LC2WuM0,ไม่มีเฟรม,0.54,1.11,4.0,Gun,2.0,0.54,1.11,Test
335,mKl_LC2WuM0,ไม่มีเฟรม,0.54,1.11,4.0,Gun,3.0,0.54,1.11,Test
336,mKl_LC2WuM0,ไม่มีเฟรม,0.54,1.11,4.0,Gun,4.0,0.58,1.11,Test
337,uZnpaCMUXEI,uZnpaCMUXEI_0.45_0.59,0.45,0.59,2.0,UnconcealedGun,1.0,0.45,0.48,Train
338,uZnpaCMUXEI,uZnpaCMUXEI_0.45_0.59,0.45,0.59,2.0,UnconcealedGun,1.0,0.56,0.59,Train
339,uZnpaCMUXEI,uZnpaCMUXEI_0.45_0.59,0.45,0.59,2.0,ConcealedGun,2.0,0.56,0.59,Train
340,uZnpaCMUXEI,uZnpaCMUXEI_1_1.11,1.00,1.11,3.0,Gun,1.0,1.00,1.11,Train
341,uZnpaCMUXEI,uZnpaCMUXEI_1_1.11,1.00,1.11,3.0,UnconcealedGun,2.0,1.00,1.11,Train
342,uZnpaCMUXEI,uZnpaCMUXEI_1_1.11,1.00,1.11,3.0,UnconcealedGun,3.0,1.00,1.02,Train
343,uZnpaCMUXEI,uZnpaCMUXEI_1_1.11,1.00,1.11,3.0,UnconcealedGun,3.0,1.07,1.11,Train
344,w_7I0WrPTUo,w_7I0WrPTUo_0_0.09,0.00,0.09,4.0,ConcealedGun,1.0,0.00,0.09,Train
345,w_7I0WrPTUo,w_7I0WrPTUo_0_0.09,0.00,0.09,4.0,UnconcealedGun,2.0,0.00,0.09,Train
346,w_7I0WrPTUo,w_7I0WrPTUo_0_0.09,0.00,0.09,4.0,UnconcealedGun,3.0,0.00,0.09,Train
347,w_7I0WrPTUo,w_7I0WrPTUo_0_0.09,0.00,0.09,4.0,UnconcealedGun,4.0,0.00,0.09,Train
348,w_7I0WrPTUo,w_7I0WrPTUo_0.1_2.03,0.10,2.03,4.0,Gun,1.0,0.10,0.14,Train
349,w_7I0WrPTUo,w_7I0WrPTUo_0.1_2.03,0.10,2.03,4.0,Gun,1.0,0.23,0.27,Train
350,w_7I0WrPTUo,w_7I0WrPTUo_0.1_2.03,0.10,2.03,4.0,Gun,1.0,0.38,2.01,Train
351,w_7I0WrPTUo,w_7I0WrPTUo_0.1_2.03,0.10,2.03,4.0,UnconcealedGun,2.0,0.10,2.03,Train
352,w_7I0WrPTUo,w_7I0WrPTUo_0.1_2.03,0.10,2.03,4.0,UnconcealedGun,3.0,0.10,0.43,Train
353,w_7I0WrPTUo,w_7I0WrPTUo_0.1_2.03,0.10,2.03,4.0,UnconcealedGun,3.0,0.45,1.58,Train
354,w_7I0WrPTUo,w_7I0WrPTUo_0.1_2.03,0.10,2.03,4.0,UnconcealedGun,3.0,2.00,2.03,Train
355,w_7I0WrPTUo,w_7I0WrPTUo_0.1_2.03,0.10,2.03,4.0,UnconcealedGun,4.0,0.10,0.40,Train
356,w_7I0WrPTUo,w_7I0WrPTUo_0.1_2.03,0.10,2.03,4.0,UnconcealedGun,4.0,0.42,0.49,Train
357,w_7I0WrPTUo,w_7I0WrPTUo_0.1_2.03,0.10,2.03,4.0,UnconcealedGun,4.0,0.51,0.52,Train
358,w_7I0WrPTUo,w_7I0WrPTUo_0.1_2.03,0.10,2.03,4.0,UnconcealedGun,4.0,0.54,2.03,Train
359,GnfKCoiY5kY,GnfKCoiY5kY_0_0.12,0.00,0.12,2.0,UnconcealedGun,1.0,0.00,0.12,Test
360,GnfKCoiY5kY,GnfKCoiY5kY_0_0.12,0.00,0.12,2.0,Gun,2.0,0.01,0.12,Test
361,GnfKCoiY5kY,GnfKCoiY5kY_0.19_0.22,0.19,0.22,1.0,ConcealedGun,1.0,0.19,0.22,Test
362,GnfKCoiY5kY,GnfKCoiY5kY_0.24_0.27,0.24,0.27,1.0,Gun,1.0,0.24,0.27,Test
363,YwUJ6inPnTA,YwUJ6inPnTA_0.26_0.3,0.26,0.3,3.0,ConcealedGun,1.0,0.26,0.30,Train
364,YwUJ6inPnTA,YwUJ6inPnTA_0.26_0.3,0.26,0.3,3.0,UnconcealedGun,2.0,0.26,0.29,Train
365,YwUJ6inPnTA,YwUJ6inPnTA_0.26_0.3,0.26,0.3,3.0,UnconcealedGun,3.0,0.26,0.30,Train
366,YwUJ6inPnTA,YwUJ6inPnTA_0.31_0.36,0.31,0.36,2.0,Gun,1.0,0.31,0.36,Train
367,YwUJ6inPnTA,YwUJ6inPnTA_0.31_0.36,0.31,0.36,2.0,UnconcealedGun,2.0,0.31,0.36,Train
368,d-LOO_S7CXI,d-LOO_S7CXI_0.28_0.43,0.28,0.43,4.0,UnconcealedGun,1.0,0.28,0.34,Test
369,d-LOO_S7CXI,d-LOO_S7CXI_0.28_0.43,0.28,0.43,4.0,UnconcealedGun,2.0,0.35,0.43,Test
370,d-LOO_S7CXI,d-LOO_S7CXI_0.28_0.43,0.28,0.43,4.0,UnconcealedGun,3.0,0.35,0.43,Test
371,d-LOO_S7CXI,d-LOO_S7CXI_0.28_0.43,0.28,0.43,4.0,ConcealedGun,4.0,0.40,0.43,Test
372,d-LOO_S7CXI,d-LOO_S7CXI_0.44_0.52,0.44,0.52,4.0,Gun,1.0,0.44,0.47,Test
373,d-LOO_S7CXI,d-LOO_S7CXI_0.44_0.52,0.44,0.52,4.0,UnconcealedGun,2.0,0.44,0.52,Test
374,d-LOO_S7CXI,d-LOO_S7CXI_0.44_0.52,0.44,0.52,4.0,UnconcealedGun,3.0,0.44,0.52,Test
375,d-LOO_S7CXI,d-LOO_S7CXI_0.44_0.52,0.44,0.52,4.0,UnconcealedGun,4.0,ไม่เห็น,ไม่เห็น,Test
376,FQaO49Mh3Hs,FQaO49Mh3Hs_0.06_0.09,0.06,0.09,2.0,ConcealedGun,1.0,0.06,0.09,Train
377,FQaO49Mh3Hs,FQaO49Mh3Hs_0.06_0.09,0.06,0.09,2.0,UnconcealedGun,2.0,0.06,0.09,Train
378,FQaO49Mh3Hs,FQaO49Mh3Hs_0.1_0.18,0.10,0.18,2.0,ConcealedGun,1.0,0.10,0.18,Train
379,FQaO49Mh3Hs,FQaO49Mh3Hs_0.1_0.18,0.10,0.18,2.0,UnconcealedGun,2.0,0.10,0.18,Train
380,FQaO49Mh3Hs,FQaO49Mh3Hs_0.19_0.21,0.19,0.21,2.0,Gun,1.0,0.19,0.21,Train
381,FQaO49Mh3Hs,FQaO49Mh3Hs_0.19_0.21,0.19,0.21,2.0,UnconcealedGun,2.0,0.19,0.21,Train
382,FQaO49Mh3Hs,FQaO49Mh3Hs_0.25_0.27,0.25,0.27,2.0,Gun,1.0,0.25,0.27,Train
383,FQaO49Mh3Hs,FQaO49Mh3Hs_0.25_0.27,0.25,0.27,2.0,UnconcealedGun,2.0,0.25,0.27,Train
384,FQaO49Mh3Hs,FQaO49Mh3Hs_0.28_0.3,0.28,0.3,2.0,Gun,1.0,0.28,0.30,Train
385,FQaO49Mh3Hs,FQaO49Mh3Hs_0.28_0.3,0.28,0.3,2.0,UnconcealedGun,2.0,0.28,0.30,Train
386,FQaO49Mh3Hs,FQaO49Mh3Hs_0.31_0.32,0.31,0.32,2.0,Gun,1.0,0.31,0.32,Train
387,FQaO49Mh3Hs,FQaO49Mh3Hs_0.31_0.32,0.31,0.32,2.0,UnconcealedGun,2.0,0.31,0.32,Train
388,FQaO49Mh3Hs,FQaO49Mh3Hs_0.33_0.4,0.33,0.4,2.0,UnconcealedGun,1.0,0.33,0.39,Train
389,FQaO49Mh3Hs,FQaO49Mh3Hs_0.33_0.4,0.33,0.4,2.0,Gun,2.0,0.34,0.40,Train
390,oDsHQM6kjAs,oDsHQM6kjAs_0_0.03,0.00,0.03,2.0,UnconcealedGun,1.0,0.00,0.00,Train
391,oDsHQM6kjAs,oDsHQM6kjAs_0_0.03,0.00,0.03,2.0,ConcealedGun,2.0,0.03,0.03,Train
392,oDsHQM6kjAs,oDsHQM6kjAs_0.04_0.05,0.04,0.05,1.0,ConcealedGun,1.0,0.04,0.05,Train
393,oDsHQM6kjAs,oDsHQM6kjAs_0.24_1.15,0.24,1.15,2.0,Gun,1.0,0.25,1.15,Train
394,oDsHQM6kjAs,oDsHQM6kjAs_0.24_1.15,0.24,1.15,2.0,UnconcealedGun,2.0,0.30,1.15,Train
395,rK-OwIECjt4,rK-OwIECjt4_0_0.02,0.00,0.02,1.0,ConcealedGun,1.0,0.01,0.02,Train
396,rK-OwIECjt4,rK-OwIECjt4_0.13_0.15,0.13,0.15,4.0,Gun,1.0,0.13,0.15,Train
397,rK-OwIECjt4,rK-OwIECjt4_0.13_0.15,0.13,0.15,4.0,Gun,2.0,0.13,0.15,Train
398,rK-OwIECjt4,rK-OwIECjt4_0.13_0.15,0.13,0.15,4.0,UnconcealedGun,1.0,0.14,0.15,Train
399,rK-OwIECjt4,rK-OwIECjt4_0.13_0.15,0.13,0.15,4.0,UnconcealedGun,2.0,0.14,0.15,Train
400,rK-OwIECjt4,rK-OwIECjt4_0.22_0.5,0.22,0.5,2.0,Gun,1.0,0.22,0.39,Train
401,rK-OwIECjt4,rK-OwIECjt4_0.22_0.5,0.22,0.5,2.0,Gun,1.0,0.47,0.50,Train
402,rK-OwIECjt4,rK-OwIECjt4_0.22_0.5,0.22,0.5,2.0,Gun,2.0,0.22,0.27,Train
403,rK-OwIECjt4,rK-OwIECjt4_0.22_0.5,0.22,0.5,2.0,Gun,2.0,0.31,0.38,Train
404,rK-OwIECjt4,rK-OwIECjt4_1.28_1.44,1.28,1.44,3.0,Gun,1.0,1.28,1.32,Train
405,rK-OwIECjt4,rK-OwIECjt4_1.28_1.44,1.28,1.44,3.0,Gun,2.0,1.37,1.44,Train
406,rK-OwIECjt4,rK-OwIECjt4_1.28_1.44,1.28,1.44,3.0,UnconcealedGun,3.0,1.31,1.44,Train
407,xgZb0Q-CzgE,xgZb0Q-CzgE_0.24_0.52,0.24,0.52,2.0,ConcealedGun,1.0,0.24,0.27,Train
408,xgZb0Q-CzgE,xgZb0Q-CzgE_0.24_0.52,0.24,0.52,2.0,ConcealedGun,1.0,0.30,0.51,Train
409,xgZb0Q-CzgE,xgZb0Q-CzgE_0.24_0.52,0.24,0.52,2.0,UnconcealedGun,2.0,0.30,0.33,Train
410,xgZb0Q-CzgE,xgZb0Q-CzgE_0.24_0.52,0.24,0.52,2.0,UnconcealedGun,2.0,0.37,0.39,Train
411,xgZb0Q-CzgE,xgZb0Q-CzgE_0.24_0.52,0.24,0.52,2.0,UnconcealedGun,2.0,0.41,0.52,Train
412,xgZb0Q-CzgE,xgZb0Q-CzgE_0.53_0.56,0.53,0.56,2.0,ConcealedGun,1.0,0.54,0.55,Train
413,xgZb0Q-CzgE,xgZb0Q-CzgE_0.53_0.56,0.53,0.56,2.0,UnconcealedGun,2.0,0.55,0.56,Train
414,xgZb0Q-CzgE,xgZb0Q-CzgE_0.58_1.03,0.58,1.03,2.0,Gun,1.0,0.58,1.03,Train
415,xgZb0Q-CzgE,xgZb0Q-CzgE_0.58_1.03,0.58,1.03,2.0,UnconcealedGun,2.0,0.59,1.01,Train
416,U2z1T07CN0A,U2z1T07CN0A_0.28_0.31,0.28,0.31,2.0,ConcealedGun,1.0,0.28,0.30,Train
417,U2z1T07CN0A,U2z1T07CN0A_0.28_0.31,0.28,0.31,2.0,UnconcealedGun,2.0,0.28,0.31,Train
418,U2z1T07CN0A,U2z1T07CN0A_0.32_0.38,0.32,0.38,2.0,Gun,1.0,0.32,0.38,Train
419,U2z1T07CN0A,U2z1T07CN0A_0.32_0.38,0.32,0.38,2.0,UnconcealedGun,2.0,0.32,0.38,Train
420,U2z1T07CN0A,ไม่มีเฟรม,0.42,0.47,3.0,Gun,1.0,0.42,0.47,Train
421,U2z1T07CN0A,ไม่มีเฟรม,0.42,0.47,3.0,UnconcealedGun,2.0,0.42,0.47,Train
422,U2z1T07CN0A,ไม่มีเฟรม,0.42,0.47,3.0,UnconcealedGun,3.0,0.42,0.46,Train
423,qiL5gzb_TR0,qiL5gzb_TR0_0_0.07,0.00,0.07,6.0,UnconcealedGun,1.0,0.00,0.07,Train
424,qiL5gzb_TR0,qiL5gzb_TR0_0_0.07,0.00,0.07,6.0,UnconcealedGun,2.0,0.00,0.07,Train
425,qiL5gzb_TR0,qiL5gzb_TR0_0_0.07,0.00,0.07,6.0,UnconcealedGun,3.0,0.01,0.07,Train
426,qiL5gzb_TR0,qiL5gzb_TR0_0_0.07,0.00,0.07,6.0,UnconcealedGun,4.0,0.00,0.07,Train
427,qiL5gzb_TR0,qiL5gzb_TR0_0_0.07,0.00,0.07,6.0,UnconcealedGun,5.0,0.00,0.07,Train
428,qiL5gzb_TR0,qiL5gzb_TR0_0_0.07,0.00,0.07,6.0,UnconcealedGun,6.0,0.00,0.03,Train
429,uvpjck5niHU,uvpjck5niHU_0.14_0.18,0.14,0.18,1.0,ConcealedGun,1.0,0.14,0.18,Train
430,uvpjck5niHU,uvpjck5niHU_0.19_0.21,0.19,0.21,1.0,Gun,1.0,0.19,0.21,Train
431,uvpjck5niHU,uvpjck5niHU_0.22_0.25,0.22,0.25,1.0,,,,,Train
432,7gLfWTENmBg,7gLfWTENmBg_0.04_0.26,0.04,0.26,3.0,UnconcealedGun,1.0,0.04,0.15,Train
433,7gLfWTENmBg,7gLfWTENmBg_0.04_0.26,0.04,0.26,3.0,UnconcealedGun,2.0,0.04,0.15,Train
434,7gLfWTENmBg,7gLfWTENmBg_0.04_0.26,0.04,0.26,3.0,Gun,3.0,0.04,0.06,Train
435,7gLfWTENmBg,7gLfWTENmBg_0.04_0.26,0.04,0.26,3.0,Gun,3.0,0.19,0.26,Train
436,e2hI9K2EFlY,e2hI9K2EFlY_0.13_0.16,0.13,0.16,2.0,ConcealedGun,1.0,0.14,0.16,Train
437,e2hI9K2EFlY,e2hI9K2EFlY_0.13_0.16,0.13,0.16,2.0,UnconcealedGun,2.0,0.13,0.16,Train
438,e2hI9K2EFlY,e2hI9K2EFlY_0.17_0.21,0.17,0.21,2.0,Gun,1.0,0.17,0.21,Train
439,e2hI9K2EFlY,e2hI9K2EFlY_0.17_0.21,0.17,0.21,2.0,UnconcealedGun,2.0,0.17,0.21,Train
440,e2hI9K2EFlY,e2hI9K2EFlY_0.56_0.59,0.56,0.59,2.0,Gun,1.0,0.56,0.59,Train
441,e2hI9K2EFlY,e2hI9K2EFlY_0.56_0.59,0.56,0.59,2.0,Gun,2.0,0.56,0.59,Train
442,e2hI9K2EFlY,e2hI9K2EFlY_1.02_1.04,1.02,1.04,2.0,Gun,1.0,1.02,1.04,Train
443,e2hI9K2EFlY,e2hI9K2EFlY_1.02_1.04,1.02,1.04,2.0,Gun,2.0,1.03,1.04,Train
444,5cgbZWLzKzU,5cgbZWLzKzU_0.26_0.34,0.26,0.34,4.0,UnconcealedGun,1.0,0.26,0.32,Train
445,5cgbZWLzKzU,5cgbZWLzKzU_0.26_0.34,0.26,0.34,4.0,ConcealedGun,2.0,0.26,0.34,Train
446,5cgbZWLzKzU,5cgbZWLzKzU_0.26_0.34,0.26,0.34,4.0,UnconcealedGun,3.0,0.26,0.34,Train
447,5cgbZWLzKzU,5cgbZWLzKzU_0.26_0.34,0.26,0.34,4.0,UnconcealedGun,4.0,0.29,0.34,Train
448,5cgbZWLzKzU,5cgbZWLzKzU_0.42_0.57,0.42,0.57,4.0,UnconcealedGun,1.0,0.42,0.44,Train
449,5cgbZWLzKzU,5cgbZWLzKzU_0.42_0.57,0.42,0.57,4.0,ConcealedGun,2.0,0.42,0.57,Train
450,5cgbZWLzKzU,5cgbZWLzKzU_0.42_0.57,0.42,0.57,4.0,UnconcealedGun,3.0,0.42,0.57,Train
451,5cgbZWLzKzU,5cgbZWLzKzU_0.42_0.57,0.42,0.57,4.0,UnconcealedGun,4.0,0.42,0.57,Train
452,5cgbZWLzKzU,5cgbZWLzKzU_0.58_1,0.58,1.0,3.0,Gun,1.0,0.58,1.00,Train
453,5cgbZWLzKzU,5cgbZWLzKzU_0.58_1,0.58,1.0,3.0,UnconcealedGun,2.0,0.58,1.00,Train
454,5cgbZWLzKzU,5cgbZWLzKzU_0.58_1,0.58,1.0,3.0,UnconcealedGun,3.0,0.58,1.00,Train
455,5cgbZWLzKzU,5cgbZWLzKzU_1.03_1.05,1.03,1.05,3.0,Gun,1.0,1.03,1.05,Train
456,5cgbZWLzKzU,5cgbZWLzKzU_1.03_1.05,1.03,1.05,3.0,UnconcealedGun,2.0,1.03,1.05,Train
457,5cgbZWLzKzU,5cgbZWLzKzU_1.03_1.05,1.03,1.05,3.0,UnconcealedGun,3.0,1.03,1.05,Train
458,8I2N3an07kw,ไม่มีเฟรม,0.06,0.14,2.0,UnconcealedGun,1.0,0.06,0.10,Test
459,8I2N3an07kw,ไม่มีเฟรม,0.06,0.14,2.0,Gun,2.0,0.06,0.14,Test
460,8I2N3an07kw,ไม่มีเฟรม,0.20,0.23,2.0,UnconcealedGun,1.0,0.20,0.22,Test
461,8I2N3an07kw,ไม่มีเฟรม,0.20,0.23,2.0,Gun,2.0,0.20,0.23,Test
462,8I2N3an07kw,ไม่มีเฟรม,0.32,0.39,2.0,Gun,1.0,0.32,0.38,Test
463,8I2N3an07kw,ไม่มีเฟรม,0.32,0.39,2.0,UnconcealedGun,2.0,0.32,0.39,Test
464,HDxcokX-HR8,HDxcokX-HR8_0.05_0.08,0.05,0.08,4.0,Gun,1.0,0.05,0.08,Train
465,HDxcokX-HR8,HDxcokX-HR8_0.05_0.08,0.05,0.08,4.0,UnconcealedGun,2.0,0.05,0.08,Train
466,HDxcokX-HR8,HDxcokX-HR8_0.05_0.08,0.05,0.08,4.0,UnconcealedGun,3.0,0.05,0.08,Train
467,HDxcokX-HR8,HDxcokX-HR8_0.05_0.08,0.05,0.08,4.0,UnconcealedGun,4.0,0.06,0.08,Train
468,mf1ymnItl6k,mf1ymnItl6k_0_0.03,0.00,0.03,1.0,ConcealedGun,1.0,0.00,0.03,Test
469,mf1ymnItl6k,mf1ymnItl6k_0.04_0.16,0.04,0.16,1.0,Gun,1.0,0.04,0.16,Test
470,qcc5IX3StWc,qcc5IX3StWc_0_0.08,0.00,0.08,3.0,ConcealedGun,1.0,0.00,0.08,Train
471,qcc5IX3StWc,qcc5IX3StWc_0_0.08,0.00,0.08,3.0,UnconcealedGun,2.0,0.00,0.08,Train
472,qcc5IX3StWc,qcc5IX3StWc_0_0.08,0.00,0.08,3.0,UnconcealedGun,3.0,0.00,0.08,Train
473,qcc5IX3StWc,qcc5IX3StWc_0.09_0.21,0.09,0.1,3.0,Gun,1.0,0.09,0.10,Train
474,qcc5IX3StWc,qcc5IX3StWc_0.09_0.21,0.09,0.1,3.0,UnconcealedGun,2.0,0.09,0.10,Train
475,qcc5IX3StWc,qcc5IX3StWc_0.09_0.21,0.09,0.1,3.0,UnconcealedGun,3.0,0.09,0.10,Train
476,xAzDrs5rKU8,xAzDrs5rKU8_0_1.07,0.00,1.07,5.0,UnconcealedGun,1.0,0.00,0.03,Train
477,xAzDrs5rKU8,xAzDrs5rKU8_0_1.07,0.00,1.07,5.0,UnconcealedGun,1.0,0.08,1.05,Train
478,xAzDrs5rKU8,xAzDrs5rKU8_0_1.07,0.00,1.07,5.0,Gun,2.0,0.01,0.13,Train
479,xAzDrs5rKU8,xAzDrs5rKU8_0_1.07,0.00,1.07,5.0,Gun,2.0,0.22,0.37,Train
480,xAzDrs5rKU8,xAzDrs5rKU8_0_1.07,0.00,1.07,5.0,UnconcealedGun,2.0,0.38,0.41,Train
481,xAzDrs5rKU8,xAzDrs5rKU8_0_1.07,0.00,1.07,5.0,UnconcealedGun,2.0,0.43,0.44,Train
482,xAzDrs5rKU8,xAzDrs5rKU8_0_1.07,0.00,1.07,5.0,UnconcealedGun,2.0,0.53,0.54,Train
483,xAzDrs5rKU8,xAzDrs5rKU8_0_1.07,0.00,1.07,5.0,UnconcealedGun,2.0,1.02,1.04,Train
484,xAzDrs5rKU8,xAzDrs5rKU8_0_1.07,0.00,1.07,5.0,Gun,2.0,1.05,1.07,Train
485,xAzDrs5rKU8,xAzDrs5rKU8_0_1.07,0.00,1.07,5.0,UnconcealedGun,3.0,0.02,0.37,Train
486,xAzDrs5rKU8,xAzDrs5rKU8_0_1.07,0.00,1.07,5.0,Gun,3.0,0.38,1.04,Train
487,xAzDrs5rKU8,xAzDrs5rKU8_0_1.07,0.00,1.07,5.0,UnconcealedGun,3.0,1.05,1.07,Train
488,xAzDrs5rKU8,xAzDrs5rKU8_0_1.07,0.00,1.07,5.0,UnconcealedGun,4.0,0.04,0.27,Train
489,xAzDrs5rKU8,xAzDrs5rKU8_0_1.07,0.00,1.07,5.0,UnconcealedGun,4.0,0.30,0.36,Train
490,xAzDrs5rKU8,xAzDrs5rKU8_0_1.07,0.00,1.07,5.0,UnconcealedGun,4.0,0.41,1.07,Train
491,xAzDrs5rKU8,xAzDrs5rKU8_0_1.07,0.00,1.07,5.0,UnconcealedGun,5.0,0.18,0.22,Train
492,xAzDrs5rKU8,xAzDrs5rKU8_0_1.07,0.00,1.07,5.0,UnconcealedGun,5.0,0.32,0.35,Train
493,kxrdZ0f8xtA,kxrdZ0f8xtA_0.01_0.15,0.01,0.15,2.0,ConcealedGun,1.0,0.01,0.15,Train
494,kxrdZ0f8xtA,kxrdZ0f8xtA_0.01_0.15,0.01,0.15,2.0,UnconcealedGun,2.0,0.10,0.15,Train
495,kxrdZ0f8xtA,kxrdZ0f8xtA_0.2_0.45,0.20,0.45,2.0,ConcealedGun,1.0,0.20,0.33,Train
496,kxrdZ0f8xtA,kxrdZ0f8xtA_0.2_0.45,0.20,0.45,2.0,ConcealedGun,1.0,0.37,0.45,Train
497,kxrdZ0f8xtA,kxrdZ0f8xtA_0.2_0.45,0.20,0.45,2.0,UnconcealedGun,2.0,0.20,0.45,Train
498,kxrdZ0f8xtA,kxrdZ0f8xtA_0.46_1.14,0.46,1.14,2.0,Gun,1.0,0.46,1.14,Train
499,kxrdZ0f8xtA,kxrdZ0f8xtA_0.46_1.14,0.46,1.14,2.0,UnconcealedGun,2.0,0.46,1.14,Train
500,wh2e2Xkk7f0,wh2e2Xkk7f0_0.22_0.28,0.22,0.28,5.0,UnconcealedGun,1.0,0.22,0.28,Test
501,wh2e2Xkk7f0,wh2e2Xkk7f0_0.22_0.28,0.22,0.28,5.0,UnconcealedGun,2.0,0.25,0.28,Test
502,wh2e2Xkk7f0,wh2e2Xkk7f0_0.22_0.28,0.22,0.28,5.0,UnconcealedGun,3.0,0.25,0.28,Test
503,wh2e2Xkk7f0,wh2e2Xkk7f0_0.22_0.28,0.22,0.28,5.0,ConcealedGun,4.0,0.26,0.28,Test
504,wh2e2Xkk7f0,wh2e2Xkk7f0_0.22_0.28,0.22,0.28,5.0,UnconcealedGun,5.0,0.26,0.28,Test
505,wh2e2Xkk7f0,wh2e2Xkk7f0_0.29_0.33,0.29,0.33,3.0,ConcealedGun,1.0,0.29,0.33,Test
506,wh2e2Xkk7f0,wh2e2Xkk7f0_0.29_0.33,0.29,0.33,3.0,UnconcealedGun,2.0,0.29,0.33,Test
507,wh2e2Xkk7f0,wh2e2Xkk7f0_0.29_0.33,0.29,0.33,3.0,UnconcealedGun,3.0,0.29,0.33,Test
508,wh2e2Xkk7f0,wh2e2Xkk7f0_0.36_0.4,0.36,0.4,5.0,UnconcealedGun,1.0,0.36,0.40,Test
509,wh2e2Xkk7f0,wh2e2Xkk7f0_0.36_0.4,0.36,0.4,5.0,UnconcealedGun,2.0,0.36,0.40,Test
510,wh2e2Xkk7f0,wh2e2Xkk7f0_0.36_0.4,0.36,0.4,5.0,Gun,3.0,0.36,0.40,Test
511,wh2e2Xkk7f0,wh2e2Xkk7f0_0.36_0.4,0.36,0.4,5.0,UnconcealedGun,4.0,0.36,0.40,Test
512,wh2e2Xkk7f0,wh2e2Xkk7f0_0.36_0.4,0.36,0.4,5.0,UnconcealedGun,5.0,0.36,0.40,Test
513,wh2e2Xkk7f0,wh2e2Xkk7f0_1.03_1.09,1.03,1.09,5.0,UnconcealedGun,1.0,1.03,1.09,Test
514,wh2e2Xkk7f0,wh2e2Xkk7f0_1.03_1.09,1.03,1.09,5.0,UnconcealedGun,2.0,1.03,1.09,Test
515,wh2e2Xkk7f0,wh2e2Xkk7f0_1.03_1.09,1.03,1.09,5.0,UnconcealedGun,3.0,1.03,1.09,Test
516,wh2e2Xkk7f0,wh2e2Xkk7f0_1.03_1.09,1.03,1.09,5.0,Gun,4.0,1.03,1.09,Test
517,wh2e2Xkk7f0,wh2e2Xkk7f0_1.03_1.09,1.03,1.09,5.0,UnconcealedGun,5.0,1.03,1.09,Test
518,R2whqlvdNfg,R2whqlvdNfg_0.08_0.12,0.08,0.12,3.0,ConcealedGun,1.0,0.08,0.12,Train
519,R2whqlvdNfg,R2whqlvdNfg_0.08_0.12,0.08,0.12,3.0,UnconcealedGun,2.0,0.08,0.12,Train
520,R2whqlvdNfg,R2whqlvdNfg_0.08_0.12,0.08,0.12,3.0,UnconcealedGun,3.0,0.08,0.12,Train
521,R2whqlvdNfg,R2whqlvdNfg_0.13_0.48,0.13,0.48,3.0,Gun,1.0,0.13,0.48,Train
522,R2whqlvdNfg,R2whqlvdNfg_0.13_0.48,0.13,0.48,3.0,UnconcealedGun,2.0,0.13,0.16,Train
523,R2whqlvdNfg,R2whqlvdNfg_0.13_0.48,0.13,0.48,3.0,UnconcealedGun,2.0,0.22,0.44,Train
524,R2whqlvdNfg,R2whqlvdNfg_0.13_0.48,0.13,0.48,3.0,UnconcealedGun,3.0,0.13,0.48,Train
525,R2whqlvdNfg,R2whqlvdNfg_0.55_0.57,0.55,0.57,2.0,ConcealedGun,1.0,0.55,0.57,Train
526,R2whqlvdNfg,R2whqlvdNfg_0.55_0.57,0.55,0.57,2.0,UnconcealedGun,2.0,0.55,0.57,Train
527,R2whqlvdNfg,R2whqlvdNfg_0.58_1.31,0.58,1.31,3.0,Gun,1.0,0.58,1.29,Train
528,R2whqlvdNfg,R2whqlvdNfg_0.58_1.31,0.58,1.31,3.0,UnconcealedGun,2.0,0.58,1.08,Train
529,R2whqlvdNfg,R2whqlvdNfg_0.58_1.31,0.58,1.31,3.0,UnconcealedGun,2.0,1.21,1.31,Train
530,R2whqlvdNfg,R2whqlvdNfg_0.58_1.31,0.58,1.31,3.0,UnconcealedGun,3.0,1.02,1.13,Train
531,R2whqlvdNfg,R2whqlvdNfg_0.58_1.31,0.58,1.31,3.0,UnconcealedGun,3.0,1.19,1.31,Train
532,nH9Z0iYxBxo,nH9Z0iYxBxo_0.16_0.19,0.16,0.19,4.0,UnconcealedGun,1.0,0.17,0.17,Train
533,nH9Z0iYxBxo,nH9Z0iYxBxo_0.16_0.19,0.16,0.19,4.0,ConcealedGun,2.0,0.17,0.18,Train
534,nH9Z0iYxBxo,nH9Z0iYxBxo_0.16_0.19,0.16,0.19,4.0,UnconcealedGun,3.0,0.17,0.18,Train
535,nH9Z0iYxBxo,nH9Z0iYxBxo_0.16_0.19,0.16,0.19,4.0,ConcealedGun,4.0,0.18,0.18,Train
536,nH9Z0iYxBxo,nH9Z0iYxBxo_0.2_0.3,0.20,0.3,9.0,UnconcealedGun,1.0,0.20,0.30,Train
537,nH9Z0iYxBxo,nH9Z0iYxBxo_0.2_0.3,0.20,0.3,9.0,UnconcealedGun,2.0,0.20,0.30,Train
538,nH9Z0iYxBxo,nH9Z0iYxBxo_0.2_0.3,0.20,0.3,9.0,UnconcealedGun,3.0,0.20,0.30,Train
539,nH9Z0iYxBxo,nH9Z0iYxBxo_0.2_0.3,0.20,0.3,9.0,UnconcealedGun,4.0,0.20,0.30,Train
540,nH9Z0iYxBxo,nH9Z0iYxBxo_0.2_0.3,0.20,0.3,9.0,UnconcealedGun,5.0,0.20,0.30,Train
541,nH9Z0iYxBxo,nH9Z0iYxBxo_0.2_0.3,0.20,0.3,9.0,UnconcealedGun,6.0,0.20,0.30,Train
542,nH9Z0iYxBxo,nH9Z0iYxBxo_0.2_0.3,0.20,0.3,9.0,Gun,7.0,0.24,0.30,Train
543,nH9Z0iYxBxo,nH9Z0iYxBxo_0.2_0.3,0.20,0.3,9.0,UnconcealedGun,8.0,0.26,0.30,Train
544,nH9Z0iYxBxo,nH9Z0iYxBxo_0.2_0.3,0.20,0.3,9.0,Gun,9.0,0.28,0.30,Train
545,L9h3c-OhBaM,L9h3c-OhBaM_0_0.11,0.00,0.11,2.0,ConcealedGun,1.0,0.00,0.11,Train
546,L9h3c-OhBaM,L9h3c-OhBaM_0_0.11,0.00,0.11,2.0,UnconcealedGun,2.0,0.00,0.11,Train
547,L9h3c-OhBaM,L9h3c-OhBaM_0.12_0.21,0.12,0.21,2.0,Gun,1.0,0.12,0.21,Train
548,L9h3c-OhBaM,L9h3c-OhBaM_0.12_0.21,0.12,0.21,2.0,UnconcealedGun,2.0,0.12,0.21,Train
549,rdAA_lOQsg4,rdAA_lOQsg4_0.01_0.32,0.01,0.32,3.0,UnconcealedGun,1.0,0.02,0.06,Train
550,rdAA_lOQsg4,rdAA_lOQsg4_0.01_0.32,0.01,0.32,3.0,ConcealedGun,2.0,0.04,0.32,Train
551,rdAA_lOQsg4,rdAA_lOQsg4_0.01_0.32,0.01,0.32,3.0,UnconcealedGun,3.0,0.09,0.32,Train
552,rdAA_lOQsg4,rdAA_lOQsg4_0.33_1.08,0.33,1.08,2.0,UnconcealedGun,1.0,0.33,1.08,Train
553,rdAA_lOQsg4,rdAA_lOQsg4_0.33_1.08,0.33,1.08,2.0,Gun,2.0,0.33,1.06,Train
554,R4xL3AjSLvM,R4xL3AjSLvM_0_0.11,0.00,0.11,2.0,ConcealedGun,1.0,0.00,0.11,Train
555,R4xL3AjSLvM,R4xL3AjSLvM_0_0.11,0.00,0.11,2.0,UnconcealedGun,2.0,0.00,0.11,Train
556,R4xL3AjSLvM,R4xL3AjSLvM_0.12_1.15,0.12,1.15,2.0,Gun,1.0,0.12,1.15,Train
557,R4xL3AjSLvM,R4xL3AjSLvM_0.12_1.15,0.12,1.15,2.0,UnconcealedGun,2.0,0.12,1.15,Train
558,jyeLTHlteAw,jyeLTHlteAw_0_0.1,0.00,0.1,2.0,ConcealedGun,1.0,0.00,0.10,Train
559,jyeLTHlteAw,jyeLTHlteAw_0_0.1,0.00,0.1,2.0,UnconcealedGun,2.0,0.00,0.10,Train
560,jyeLTHlteAw,jyeLTHlteAw_0.11_0.2,0.11,0.2,2.0,Gun,1.0,0.11,0.20,Train
561,jyeLTHlteAw,jyeLTHlteAw_0.11_0.2,0.11,0.2,2.0,UnconcealedGun,2.0,0.11,0.20,Train
562,1xba7kEsX0A,1xba7kEsX0A_0.03_0.05,0.03,0.05,1.0,ConcealedGun,1.0,0.03,0.05,Train
563,1xba7kEsX0A,1xba7kEsX0A_0.2_0.39,0.20,0.39,3.0,Gun,1.0,0.20,0.39,Train
564,1xba7kEsX0A,1xba7kEsX0A_0.2_0.39,0.20,0.39,3.0,UnconcealedGun,2.0,0.20,0.39,Train
565,1xba7kEsX0A,1xba7kEsX0A_0.2_0.39,0.20,0.39,3.0,UnconcealedGun,3.0,0.36,0.39,Train
566,1xba7kEsX0A,1xba7kEsX0A_0.47_1.05,0.47,1.05,3.0,Gun,1.0,0.47,1.05,Train
567,1xba7kEsX0A,1xba7kEsX0A_0.47_1.05,0.47,1.05,3.0,UnconcealedGun,2.0,0.47,1.05,Train
568,1xba7kEsX0A,1xba7kEsX0A_0.47_1.05,0.47,1.05,3.0,UnconcealedGun,3.0,0.47,1.02,Train
569,wJmzZka3KTY,wJmzZka3KTY_0_0.04,0.00,0.04,2.0,ConcealedGun,1.0,0.30,0.40,Train
570,wJmzZka3KTY,wJmzZka3KTY_0.05_0.15,0.05,0.15,2.0,Gun,1.0,0.05,0.15,Train
571,wJmzZka3KTY,wJmzZka3KTY_0.05_0.15,0.05,0.15,2.0,UnconcealedGun,2.0,0.06,0.09,Train
572,wJmzZka3KTY,wJmzZka3KTY_0.05_0.15,0.05,0.15,2.0,UnconcealedGun,2.0,0.11,0.15,Train
573,e3S0MRTUDtw,e3S0MRTUDtw_0.07_0.19,0.07,0.19,2.0,ConcealedGun,1.0,0.07,0.19,Test
574,e3S0MRTUDtw,e3S0MRTUDtw_0.07_0.19,0.07,0.19,2.0,UnconcealedGun,2.0,0.09,0.19,Test
575,e3S0MRTUDtw,e3S0MRTUDtw_0.3_0.43,0.30,0.43,2.0,Gun,1.0,0.30,0.43,Test
576,e3S0MRTUDtw,e3S0MRTUDtw_0.3_0.43,0.30,0.43,2.0,UnconcealedGun,2.0,0.30,0.42,Test
577,qYrmfGMHq_k,qYrmfGMHq_k_0.06_0.1,0.06,0.1,3.0,ConcealedGun,1.0,0.06,0.08,Train
578,qYrmfGMHq_k,qYrmfGMHq_k_0.06_0.1,0.06,0.1,3.0,UnconcealedGun,2.0,0.06,0.08,Train
579,qYrmfGMHq_k,qYrmfGMHq_k_0.06_0.1,0.06,0.1,3.0,UnconcealedGun,3.0,0.09,0.10,Train
580,qYrmfGMHq_k,qYrmfGMHq_k_0.12_0.17,0.12,0.17,2.0,Gun,1.0,0.12,0.13,Train
581,qYrmfGMHq_k,qYrmfGMHq_k_0.12_0.17,0.12,0.17,2.0,Gun,1.0,0.15,0.17,Train
582,qYrmfGMHq_k,qYrmfGMHq_k_0.12_0.17,0.12,0.17,2.0,UnconcealedGun,2.0,0.14,0.17,Train
583,qYrmfGMHq_k,qYrmfGMHq_k_0.18_0.23,0.18,0.23,1.0,Gun,1.0,0.18,0.21,Train
584,qYrmfGMHq_k,qYrmfGMHq_k_0.25_0.28,0.25,0.28,2.0,Gun,1.0,0.25,0.28,Train
585,qYrmfGMHq_k,qYrmfGMHq_k_0.25_0.28,0.25,0.28,2.0,UnconcealedGun,2.0,0.25,0.28,Train
586,qYrmfGMHq_k,qYrmfGMHq_k_0.3_0.4,0.30,0.4,2.0,Gun,1.0,0.30,0.31,Train
587,qYrmfGMHq_k,qYrmfGMHq_k_0.3_0.4,0.30,0.4,2.0,Gun,1.0,0.33,0.40,Train
588,qYrmfGMHq_k,qYrmfGMHq_k_0.3_0.4,0.30,0.4,2.0,UnconcealedGun,2.0,0.30,0.40,Train
589,qYrmfGMHq_k,qYrmfGMHq_k_0.3_0.4,0.43,0.45,2.0,UnconcealedGun,1.0,0.43,0.44,Train
590,qYrmfGMHq_k,qYrmfGMHq_k_0.3_0.4,0.43,0.45,2.0,ConcealedGun,2.0,0.44,0.45,Train
591,_jQSDhiM_jk,_jQSDhiM_jk_0_0.26,0.00,0.26,2.0,UnconcealedGun,1.0,0.00,0.03,Train
592,_jQSDhiM_jk,_jQSDhiM_jk_0_0.26,0.00,0.26,2.0,UnconcealedGun,1.0,0.05,0.06,Train
593,_jQSDhiM_jk,_jQSDhiM_jk_0_0.26,0.00,0.26,2.0,UnconcealedGun,1.0,0.08,0.11,Train
594,_jQSDhiM_jk,_jQSDhiM_jk_0_0.26,0.00,0.26,2.0,UnconcealedGun,1.0,0.14,0.18,Train
595,_jQSDhiM_jk,_jQSDhiM_jk_0_0.26,0.00,0.26,2.0,UnconcealedGun,1.0,0.21,0.25,Train
596,_jQSDhiM_jk,_jQSDhiM_jk_0_0.26,0.00,0.26,2.0,UnconcealedGun,2.0,0.13,0.20,Train
597,_jQSDhiM_jk,_jQSDhiM_jk_0.32_0.4,0.32,0.4,3.0,UnconcealedGun,1.0,0.32,0.35,Train
598,_jQSDhiM_jk,_jQSDhiM_jk_0.32_0.4,0.32,0.4,3.0,UnconcealedGun,1.0,0.36,0.39,Train
599,_jQSDhiM_jk,_jQSDhiM_jk_0.32_0.4,0.32,0.4,3.0,UnconcealedGun,2.0,0.33,0.34,Train
600,_jQSDhiM_jk,_jQSDhiM_jk_0.32_0.4,0.32,0.4,3.0,UnconcealedGun,2.0,0.35,0.36,Train
601,_jQSDhiM_jk,_jQSDhiM_jk_0.32_0.4,0.32,0.4,3.0,UnconcealedGun,2.0,0.38,0.39,Train
602,_jQSDhiM_jk,_jQSDhiM_jk_0.32_0.4,0.32,0.4,3.0,UnconcealedGun,3.0,0.37,0.40,Train
603,_jQSDhiM_jk,_jQSDhiM_jk_0.41_1.05,0.41,1.05,2.0,UnconcealedGun,1.0,0.42,0.47,Train
604,_jQSDhiM_jk,_jQSDhiM_jk_0.41_1.05,0.41,1.05,2.0,UnconcealedGun,1.0,0.49,1.00,Train
605,_jQSDhiM_jk,_jQSDhiM_jk_0.41_1.05,0.41,1.05,2.0,UnconcealedGun,1.0,1.03,1.04,Train
606,_jQSDhiM_jk,_jQSDhiM_jk_0.41_1.05,0.41,1.05,2.0,UnconcealedGun,2.0,0.58,0.59,Train
607,PORBjMo-agI,PORBjMo-agI_0_0.02,0.00,0.02,1.0,ConcealedGun,1.0,0.00,0.02,Test
608,PORBjMo-agI,PORBjMo-agI_0.03_0.08,0.03,0.08,1.0,Gun,1.0,0.03,0.08,Test
609,PORBjMo-agI,PORBjMo-agI_0.09_0.13,0.09,0.13,1.0,Gun,1.0,0.09,0.13,Test
610,VTLPsieU19U,VTLPsieU19U_0.03_0.07,0.03,0.07,3.0,UnconcealedGun,1.0,0.03,0.07,Train
611,VTLPsieU19U,VTLPsieU19U_0.03_0.07,0.03,0.07,3.0,UnconcealedGun,2.0,0.03,0.07,Train
612,VTLPsieU19U,VTLPsieU19U_0.03_0.07,0.03,0.07,3.0,ConcealedGun,3.0,0.03,0.07,Train
613,VTLPsieU19U,VTLPsieU19U_0.08_0.4,0.08,0.4,4.0,UnconcealedGun,1.0,0.08,0.13,Train
614,VTLPsieU19U,VTLPsieU19U_0.08_0.4,0.08,0.4,4.0,UnconcealedGun,1.0,0.28,0.40,Train
615,VTLPsieU19U,VTLPsieU19U_0.08_0.4,0.08,0.4,4.0,UnconcealedGun,2.0,0.08,0.28,Train
616,VTLPsieU19U,VTLPsieU19U_0.08_0.4,0.08,0.4,4.0,Gun,3.0,0.08,0.40,Train
617,VTLPsieU19U,VTLPsieU19U_0.08_0.4,0.08,0.4,4.0,UnconcealedGun,4.0,0.13,0.20,Train
618,VTLPsieU19U,VTLPsieU19U_0.08_0.4,0.08,0.4,4.0,UnconcealedGun,4.0,0.25,0.28,Train
619,kYaJhNPxUfk,kYaJhNPxUfk_0.09_0.1,0.09,0.1,2.0,ConcealedGun,1.0,0.09,0.10,Test
620,kYaJhNPxUfk,kYaJhNPxUfk_0.09_0.1,0.09,0.1,2.0,UnconcealedGun,2.0,0.09,0.10,Test
621,kYaJhNPxUfk,kYaJhNPxUfk_0.11_0.21,0.11,0.21,1.0,Gun,1.0,0.11,0.21,Test
622,kYaJhNPxUfk,kYaJhNPxUfk_0.23_1.06,0.23,0.36,2.0,ConcealedGun,1.0,0.23,0.36,Test
623,kYaJhNPxUfk,kYaJhNPxUfk_0.23_1.06,0.23,0.36,2.0,UnconcealedGun,2.0,0.23,0.23,Test
624,kYaJhNPxUfk,kYaJhNPxUfk_0.23_1.06,0.23,0.36,2.0,UnconcealedGun,2.0,0.25,0.36,Test
625,kYaJhNPxUfk,kYaJhNPxUfk_0.23_1.06,0.37,0.4,2.0,Gun,1.0,0.37,0.40,Test
626,kYaJhNPxUfk,kYaJhNPxUfk_0.23_1.06,0.37,0.4,2.0,UnconcealedGun,2.0,0.40,0.40,Test
627,kYaJhNPxUfk,kYaJhNPxUfk_0.23_1.06,0.41,1.06,2.0,ConcealedGun,1.0,0.41,1.06,Test
628,kYaJhNPxUfk,kYaJhNPxUfk_0.23_1.06,0.41,1.06,2.0,UnconcealedGun,2.0,0.41,0.54,Test
629,uOzuegGd-ao,uOzuegGd-ao_0.06_0.12,0.06,0.12,1.0,ConcealedGun,1.0,0.06,0.12,Train
630,uOzuegGd-ao,uOzuegGd-ao_0.13_0.18,0.13,0.18,1.0,ConcealedGun,2.0,0.13,0.18,Train
631,uOzuegGd-ao,uOzuegGd-ao_0.19_0.21,0.19,0.21,1.0,ConcealedGun,3.0,0.19,0.21,Train
632,uOzuegGd-ao,uOzuegGd-ao_0.23_0.33,0.23,0.33,1.0,ConcealedGun,4.0,0.23,0.33,Train
633,uOzuegGd-ao,uOzuegGd-ao_0.34_0.36,0.34,0.36,2.0,ConcealedGun,1.0,0.34,0.36,Train
634,uOzuegGd-ao,uOzuegGd-ao_0.34_0.36,0.34,0.36,2.0,UnconcealedGun,2.0,0.34,0.36,Train
635,uOzuegGd-ao,uOzuegGd-ao_0.37_0.52,0.37,0.52,2.0,Gun,1.0,0.37,0.47,Train
636,uOzuegGd-ao,uOzuegGd-ao_0.37_0.52,0.37,0.52,2.0,Gun,2.0,0.50,0.52,Train
637,k78YSWWc4bc,k78YSWWc4bc_0.01_0.19,0.01,0.19,2.0,ConcealedGun,1.0,0.01,0.19,Train
638,k78YSWWc4bc,k78YSWWc4bc_0.01_0.19,0.01,0.19,2.0,UnconcealedGun,2.0,0.40,0.19,Train
639,k78YSWWc4bc,k78YSWWc4bc_0.21_0.45,0.21,0.45,2.0,ConcealedGun,1.0,0.21,0.45,Train
640,k78YSWWc4bc,k78YSWWc4bc_0.21_0.45,0.21,0.45,2.0,UnconcealedGun,2.0,0.21,0.33,Train
641,k78YSWWc4bc,k78YSWWc4bc_0.21_0.45,0.21,0.45,2.0,UnconcealedGun,2.0,0.37,0.45,Train
642,k78YSWWc4bc,k78YSWWc4bc_0.46_0.48,0.46,0.48,1.0,ConcealedGun,1.0,0.46,0.48,Train
643,k78YSWWc4bc,k78YSWWc4bc_0.49_0.54,0.49,0.54,1.0,Gun,1.0,0.49,0.54,Train
644,k78YSWWc4bc,k78YSWWc4bc_0.55_0.59,0.55,0.59,1.0,Gun,1.0,0.55,0.59,Train
645,aEYYP3SrSJ8,aEYYP3SrSJ8_0_0.13,0.00,0.13,5.0,UnconcealedGun,1.0,0.00,0.13,Train
646,aEYYP3SrSJ8,aEYYP3SrSJ8_0_0.13,0.00,0.13,5.0,UnconcealedGun,2.0,0.00,0.13,Train
647,aEYYP3SrSJ8,aEYYP3SrSJ8_0_0.13,0.00,0.13,5.0,UnconcealedGun,3.0,0.00,0.13,Train
648,aEYYP3SrSJ8,aEYYP3SrSJ8_0_0.13,0.00,0.13,5.0,UnconcealedGun,4.0,0.03,0.10,Train
649,aEYYP3SrSJ8,aEYYP3SrSJ8_0_0.13,0.00,0.13,5.0,UnconcealedGun,5.0,0.07,0.13,Train
650,aEYYP3SrSJ8,aEYYP3SrSJ8_0.2_0.3,0.20,0.3,2.0,UnconcealedGun,1.0,0.20,0.30,Train
651,aEYYP3SrSJ8,aEYYP3SrSJ8_0.2_0.3,0.20,0.3,2.0,UnconcealedGun,2.0,0.20,0.20,Train
652,aEYYP3SrSJ8,aEYYP3SrSJ8_0.2_0.3,0.20,0.3,2.0,UnconcealedGun,2.0,0.24,0.30,Train
653,aEYYP3SrSJ8,aEYYP3SrSJ8_0.46_0.52,0.46,0.52,2.0,UnconcealedGun,1.0,0.46,0.52,Train
654,aEYYP3SrSJ8,aEYYP3SrSJ8_0.46_0.52,0.46,0.52,2.0,UnconcealedGun,2.0,0.51,0.52,Train
655,p41TIfzktlo,p41TIfzktlo_0.18_0.25,0.18,0.25,2.0,Gun,1.0,0.18,0.25,Train
656,p41TIfzktlo,p41TIfzktlo_0.18_0.25,0.18,0.25,2.0,UnconcealedGun,2.0,0.18,0.25,Train
657,XQ_CpICGn98,XQ_CpICGn98_0.04_0.08,0.04,0.08,2.0,UnconcealedGun,1.0,0.04,0.08,Train
658,XQ_CpICGn98,XQ_CpICGn98_0.04_0.08,0.04,0.08,2.0,ConcealedGun,2.0,0.04,0.08,Train
659,XQ_CpICGn98,XQ_CpICGn98_0.09_0.16,0.09,0.16,2.0,UnconcealedGun,1.0,0.09,0.15,Train
660,XQ_CpICGn98,XQ_CpICGn98_0.09_0.16,0.09,0.16,2.0,Gun,2.0,0.09,0.16,Train
661,EVN3nqlIIzo,EVN3nqlIIzo_0_0.05,0.00,0.05,2.0,ConcealedGun,1.0,0.00,0.03,Train
662,EVN3nqlIIzo,EVN3nqlIIzo_0_0.05,0.00,0.05,2.0,UnconcealedGun,2.0,0.00,0.04,Train
663,EVN3nqlIIzo,EVN3nqlIIzo_0.06_0.29,0.06,0.29,4.0,Gun,1.0,0.06,0.14,Train
664,EVN3nqlIIzo,EVN3nqlIIzo_0.06_0.29,0.06,0.29,4.0,Gun,1.0,0.15,0.29,Train
665,EVN3nqlIIzo,EVN3nqlIIzo_0.06_0.29,0.06,0.29,4.0,Gun,2.0,0.06,0.14,Train
666,EVN3nqlIIzo,EVN3nqlIIzo_0.06_0.29,0.06,0.29,4.0,Gun,2.0,0.15,0.18,Train
667,EVN3nqlIIzo,EVN3nqlIIzo_0.06_0.29,0.06,0.29,4.0,Gun,2.0,0.20,0.26,Train
668,EVN3nqlIIzo,EVN3nqlIIzo_0.06_0.29,0.06,0.29,4.0,UnconcealedGun,3.0,0.15,0.16,Train
669,EVN3nqlIIzo,EVN3nqlIIzo_0.06_0.29,0.06,0.29,4.0,UnconcealedGun,4.0,0.15,0.19,Train
670,EVN3nqlIIzo,EVN3nqlIIzo_0.06_0.29,0.06,0.29,4.0,UnconcealedGun,4.0,0.21,0.26,Train
671,wJ3Ayb5vb4Y,wJ3Ayb5vb4Y_0_0.04,0.00,0.04,4.0,ConcealedGun,1.0,0.00,0.04,Test
672,wJ3Ayb5vb4Y,wJ3Ayb5vb4Y_0_0.04,0.00,0.04,4.0,UnconcealedGun,2.0,0.00,0.04,Test
673,wJ3Ayb5vb4Y,wJ3Ayb5vb4Y_0_0.04,0.00,0.04,4.0,UnconcealedGun,3.0,0.00,0.04,Test
674,wJ3Ayb5vb4Y,wJ3Ayb5vb4Y_0_0.04,0.00,0.04,4.0,UnconcealedGun,4.0,0.00,0.04,Test
675,wJ3Ayb5vb4Y,wJ3Ayb5vb4Y_0.05_0.4,0.05,0.4,4.0,Gun,1.0,0.05,0.40,Test
676,wJ3Ayb5vb4Y,wJ3Ayb5vb4Y_0.05_0.4,0.05,0.4,4.0,UnconcealedGun,2.0,0.05,0.40,Test
677,wJ3Ayb5vb4Y,wJ3Ayb5vb4Y_0.05_0.4,0.05,0.4,4.0,UnconcealedGun,3.0,0.05,0.40,Test
678,wJ3Ayb5vb4Y,wJ3Ayb5vb4Y_0.05_0.4,0.05,0.4,4.0,UnconcealedGun,4.0,0.05,0.40,Test
679,751xcpOe_gU,751xcpOe_gU_0_0.17,0.00,0.17,2.0,UnconcealedGun,1.0,0.00,0.17,Train
680,751xcpOe_gU,751xcpOe_gU_0_0.17,0.00,0.17,2.0,Gun,2.0,0.05,0.13,Train
681,751xcpOe_gU,751xcpOe_gU_0.18_0.28,0.18,0.28,2.0,Gun,1.0,0.18,0.19,Train
682,751xcpOe_gU,751xcpOe_gU_0.18_0.28,0.18,0.28,2.0,Gun,1.0,0.28,0.28,Train
683,751xcpOe_gU,751xcpOe_gU_0.18_0.28,0.18,0.28,2.0,UnconcealedGun,2.0,0.18,0.28,Train
684,751xcpOe_gU,751xcpOe_gU_0.29_0.43,0.29,0.43,2.0,Gun,1.0,0.29,0.37,Train
685,751xcpOe_gU,751xcpOe_gU_0.29_0.43,0.29,0.43,2.0,UnconcealedGun,2.0,0.39,0.43,Train
686,YBci8zlXpTk,YBci8zlXpTk_0.01_0.1,0.01,0.1,2.0,UnconcealedGun,1.0,0.01,0.05,Train
687,YBci8zlXpTk,YBci8zlXpTk_0.01_0.1,0.01,0.1,2.0,ConcealedGun,2.0,0.06,0.10,Train
688,YBci8zlXpTk,YBci8zlXpTk_0.11_0.17,0.11,0.17,2.0,UnconcealedGun,1.0,0.11,0.17,Train
689,YBci8zlXpTk,YBci8zlXpTk_0.11_0.17,0.11,0.17,2.0,Gun,2.0,0.11,0.17,Train
690,YBci8zlXpTk,YBci8zlXpTk_0.34_0.36,0.34,0.36,2.0,Gun,1.0,0.35,0.36,Train
691,YBci8zlXpTk,YBci8zlXpTk_0.34_0.36,0.34,0.36,2.0,UnconcealedGun,2.0,0.35,0.36,Train
692,YBci8zlXpTk,YBci8zlXpTk_0.38_0.42,0.38,0.42,2.0,UnconcealedGun,1.0,0.38,0.42,Train
693,YBci8zlXpTk,YBci8zlXpTk_0.38_0.42,0.38,0.42,2.0,ConcealedGun,2.0,0.41,0.42,Train
694,YBci8zlXpTk,YBci8zlXpTk_0.43_0.49,0.43,0.49,2.0,Gun,1.0,0.43,0.43,Train
695,YBci8zlXpTk,YBci8zlXpTk_0.43_0.49,0.43,0.49,2.0,Gun,1.0,0.45,0.49,Train
696,YBci8zlXpTk,YBci8zlXpTk_0.43_0.49,0.43,0.49,2.0,UnconcealedGun,2.0,0.43,0.43,Train
697,YBci8zlXpTk,YBci8zlXpTk_0.43_0.49,0.43,0.49,2.0,UnconcealedGun,2.0,0.45,0.49,Train
698,24fZWo2VOUE,24fZWo2VOUE_0_0.13,0.00,0.13,2.0,UnconcealedGun,1.0,0.00,0.13,Train
699,24fZWo2VOUE,24fZWo2VOUE_0_0.13,0.00,0.13,2.0,ConcealedGun,2.0,0.12,0.13,Train
700,24fZWo2VOUE,24fZWo2VOUE_0.14_0.24,0.14,0.24,4.0,UnconcealedGun,1.0,0.14,0.19,Train
701,24fZWo2VOUE,24fZWo2VOUE_0.14_0.24,0.14,0.24,4.0,Gun,2.0,0.14,0.18,Train
702,24fZWo2VOUE,24fZWo2VOUE_0.14_0.24,0.14,0.24,4.0,UnconcealedGun,3.0,0.15,0.17,Train
703,24fZWo2VOUE,24fZWo2VOUE_0.14_0.24,0.14,0.24,4.0,UnconcealedGun,4.0,0.19,0.22,Train
704,24fZWo2VOUE,24fZWo2VOUE_0.25_0.35,0.25,0.35,2.0,UnconcealedGun,1.0,0.25,0.34,Train
705,24fZWo2VOUE,24fZWo2VOUE_0.25_0.35,0.25,0.35,2.0,Gun,2.0,0.25,0.30,Train
706,qayW_N8OcMA,qayW_N8OcMA_0_0.15,0.00,0.15,5.0,UnconcealedGun,1.0,0.00,0.15,Train
707,qayW_N8OcMA,qayW_N8OcMA_0_0.15,0.00,0.15,5.0,UnconcealedGun,2.0,0.03,0.06,Train
708,qayW_N8OcMA,qayW_N8OcMA_0_0.15,0.00,0.15,5.0,UnconcealedGun,3.0,0.05,0.09,Train
709,qayW_N8OcMA,qayW_N8OcMA_0_0.15,0.00,0.15,5.0,UnconcealedGun,4.0,0.06,0.10,Train
710,qayW_N8OcMA,qayW_N8OcMA_0_0.15,0.00,0.15,5.0,ConcealedGun,5.0,0.12,0.15,Train
711,qayW_N8OcMA,qayW_N8OcMA_0.16_0.26,0.16,0.26,4.0,UnconcealedGun,1.0,0.16,0.16,Train
712,qayW_N8OcMA,qayW_N8OcMA_0.16_0.26,0.16,0.26,4.0,Gun,2.0,0.16,0.19,Train
713,qayW_N8OcMA,qayW_N8OcMA_0.16_0.26,0.16,0.26,4.0,UnconcealedGun,2.0,0.21,0.22,Train
714,qayW_N8OcMA,qayW_N8OcMA_0.16_0.26,0.16,0.26,4.0,UnconcealedGun,3.0,0.16,0.20,Train
715,qayW_N8OcMA,qayW_N8OcMA_0.16_0.26,0.16,0.26,4.0,Gun,3.0,0.21,0.24,Train
716,qayW_N8OcMA,qayW_N8OcMA_0.16_0.26,0.16,0.26,4.0,UnconcealedGun,4.0,0.18,0.18,Train
717,BMUaVNqHKfA,BMUaVNqHKfA_0.03_0.7,0.03,0.07,2.0,UnconcealedGun,1.0,0.03,0.07,Train
718,BMUaVNqHKfA,BMUaVNqHKfA_0.03_0.7,0.03,0.07,2.0,ConcealedGun,2.0,0.05,0.07,Train
719,BMUaVNqHKfA,BMUaVNqHKfA_0.08_0.17,0.08,0.17,2.0,Gun,1.0,0.08,0.13,Train
720,BMUaVNqHKfA,BMUaVNqHKfA_0.08_0.17,0.08,0.17,2.0,Gun,2.0,0.09,0.17,Train
721,WPMiGrpTiBg,WPMiGrpTiBg_0.09_0.21,0.09,0.21,1.0,ConcealedGun,1.0,0.09,0.21,Test
722,WPMiGrpTiBg,WPMiGrpTiBg_0.22_0.28,0.22,0.28,3.0,Gun,1.0,0.23,0.27,Test
723,WPMiGrpTiBg,WPMiGrpTiBg_0.22_0.28,0.22,0.28,3.0,UnconcealedGun,2.0,0.23,0.26,Test
724,WPMiGrpTiBg,WPMiGrpTiBg_0.22_0.28,0.22,0.28,3.0,UnconcealedGun,3.0,0.23,0.25,Test
725,WPMiGrpTiBg,WPMiGrpTiBg_0.22_0.28,0.22,0.28,3.0,UnconcealedGun,3.0,0.27,0.28,Test
726,WPMiGrpTiBg,WPMiGrpTiBg_0.29_0.33,0.29,0.33,2.0,UnconcealedGun,1.0,0.29,0.31,Test
727,WPMiGrpTiBg,WPMiGrpTiBg_0.29_0.33,0.29,0.33,2.0,Gun,2.0,0.29,0.32,Test
728,V3EI1n_7JwU,V3EI1n_7JwU_0.05_0.11,0.05,0.11,1.0,ConcealedGun,1.0,0.05,0.10,Train
729,V3EI1n_7JwU,V3EI1n_7JwU_0.12_0.14,0.12,0.14,2.0,ConcealedGun,1.0,0.12,0.14,Train
730,V3EI1n_7JwU,V3EI1n_7JwU_0.12_0.14,0.12,0.14,2.0,UnconcealedGun,2.0,0.12,0.14,Train
731,V3EI1n_7JwU,V3EI1n_7JwU_0.15_0.21,0.15,0.21,2.0,Gun,1.0,0.15,0.21,Train
732,V3EI1n_7JwU,V3EI1n_7JwU_0.15_0.21,0.15,0.21,2.0,UnconcealedGun,2.0,0.15,0.21,Train
733,0Tgl_jCTgJg,0Tgl_jCTgJg_0_0.05,0.00,0.05,1.0,ConcealedGun,1.0,0.00,0.05,Train
734,0Tgl_jCTgJg,0Tgl_jCTgJg_0.14_0.16,0.14,0.16,1.0,ConcealedGun,1.0,0.15,0.16,Train
735,0Tgl_jCTgJg,0Tgl_jCTgJg_0.17_0.2,0.17,0.2,1.0,Gun,1.0,0.17,0.20,Train
736,0Tgl_jCTgJg,0Tgl_jCTgJg_0.21_0.32,0.21,0.32,1.0,Gun,1.0,0.21,0.31,Train
737,0Tgl_jCTgJg,0Tgl_jCTgJg_0.33_0.41,0.33,0.41,2.0,Gun,1.0,0.33,0.41,Train
738,0Tgl_jCTgJg,0Tgl_jCTgJg_0.33_0.41,0.33,0.41,2.0,UnconcealedGun,2.0,0.33,0.41,Train
739,zzy57d0Cyv4,zzy57d0Cyv4_0.1_0.13,0.10,0.13,5.0,Gun,1.0,0.10,0.13,Train
740,zzy57d0Cyv4,zzy57d0Cyv4_0.1_0.13,0.10,0.13,5.0,UnconcealedGun,2.0,0.11,0.13,Train
741,zzy57d0Cyv4,zzy57d0Cyv4_0.1_0.13,0.10,0.13,5.0,UnconcealedGun,3.0,0.10,0.12,Train
742,zzy57d0Cyv4,zzy57d0Cyv4_0.1_0.13,0.10,0.13,5.0,UnconcealedGun,4.0,0.10,0.12,Train
743,zzy57d0Cyv4,zzy57d0Cyv4_0.1_0.13,0.10,0.13,5.0,UnconcealedGun,5.0,0.10,0.12,Train
744,zzy57d0Cyv4,zzy57d0Cyv4_0.2_0.22,0.20,0.22,4.0,Gun,1.0,0.20,0.22,Train
745,zzy57d0Cyv4,zzy57d0Cyv4_0.2_0.22,0.20,0.22,4.0,UnconcealedGun,2.0,0.20,0.22,Train
746,zzy57d0Cyv4,zzy57d0Cyv4_0.2_0.22,0.20,0.22,4.0,UnconcealedGun,3.0,0.20,0.22,Train
747,zzy57d0Cyv4,zzy57d0Cyv4_0.2_0.22,0.20,0.22,4.0,UnconcealedGun,4.0,0.20,0.22,Train
748,8rmFHfGkOws,8rmFHfGkOws_0.0_0.18,0.00,0.18,3.0,Gun,1.0,0.00,0.18,Train
749,8rmFHfGkOws,8rmFHfGkOws_0.0_0.18,0.00,0.18,3.0,Gun,2.0,0.00,0.13,Train
750,8rmFHfGkOws,8rmFHfGkOws_0.0_0.18,0.00,0.18,3.0,UnconcealedGun,3.0,0.07,0.11,Train
751,8rmFHfGkOws,8rmFHfGkOws_0.0_0.18,0.00,0.18,3.0,UnconcealedGun,3.0,0.13,0.14,Train
752,8rmFHfGkOws,8rmFHfGkOws_0.2_0.28,0.20,0.28,3.0,Gun,1.0,0.20,0.28,Train
753,8rmFHfGkOws,8rmFHfGkOws_0.2_0.28,0.20,0.28,3.0,Gun,1.0,0.20,0.28,Train
754,8rmFHfGkOws,8rmFHfGkOws_0.2_0.28,0.20,0.28,3.0,UnconcealedGun,3.0,0.20,0.28,Train
755,8rmFHfGkOws,8rmFHfGkOws_0.29_0.52,0.29,0.52,3.0,Gun,1.0,0.29,0.51,Train
756,8rmFHfGkOws,8rmFHfGkOws_0.29_0.52,0.29,0.52,3.0,Gun,2.0,0.29,0.49,Train
757,8rmFHfGkOws,8rmFHfGkOws_0.29_0.52,0.29,0.52,3.0,UnconcealedGun,3.0,0.29,0.35,Train
758,8rmFHfGkOws,8rmFHfGkOws_0.29_0.52,0.29,0.52,3.0,UnconcealedGun,3.0,0.40,0.52,Train
759,6w5jo0BbzRg,6w5jo0BbzRg_0.0_0.14,0.00,0.14,2.0,ConcealedGun,1.0,0.00,0.04,Train
760,6w5jo0BbzRg,6w5jo0BbzRg_0.0_0.14,0.00,0.14,2.0,ConcealedGun,1.0,0.06,0.14,Train
761,6w5jo0BbzRg,6w5jo0BbzRg_0.0_0.14,0.00,0.14,2.0,UnconcealedGun,2.0,0.00,0.14,Train
762,6w5jo0BbzRg,6w5jo0BbzRg_0.15_0.26,0.15,0.26,2.0,Gun,1.0,0.15,0.26,Train
763,6w5jo0BbzRg,6w5jo0BbzRg_0.15_0.26,0.15,0.26,2.0,UnconcealedGun,2.0,0.15,0.22,Train
764,WbbUbGSIim0,WbbUbGSIim0_0_0.05,0.00,0.05,2.0,ConcealedGun,1.0,0.00,0.05,Train
765,WbbUbGSIim0,WbbUbGSIim0_0_0.05,0.00,0.05,2.0,UnconcealedGun,2.0,0.00,0.03,Train
766,WbbUbGSIim0,WbbUbGSIim0_0.06_0.09,0.06,0.09,1.0,ConcealedGun,1.0,0.06,0.08,Train
767,WbbUbGSIim0,WbbUbGSIim0_0.1_0.25,0.10,0.25,2.0,Gun,1.0,0.10,0.15,Train
768,WbbUbGSIim0,WbbUbGSIim0_0.1_0.25,0.10,0.25,2.0,Gun,1.0,0.17,0.25,Train
769,WbbUbGSIim0,WbbUbGSIim0_0.1_0.25,0.10,0.25,2.0,UnconcealedGun,2.0,0.21,0.25,Train
770,9lnPqbgEU7o,9lnPqbgEU7o_0.05_0.08,0.05,0.08,3.0,ConcealedGun,1.0,0.05,0.08,Train
771,9lnPqbgEU7o,9lnPqbgEU7o_0.05_0.08,0.05,0.08,3.0,UnconcealedGun,2.0,0.05,0.08,Train
772,9lnPqbgEU7o,9lnPqbgEU7o_0.05_0.08,0.05,0.08,3.0,Gun,3.0,0.08,0.08,Train
773,9lnPqbgEU7o,9lnPqbgEU7o_0.09_0.17,0.09,0.17,3.0,Gun,1.0,0.09,0.12,Train
774,9lnPqbgEU7o,9lnPqbgEU7o_0.09_0.17,0.09,0.17,3.0,Gun,2.0,0.09,0.17,Train
775,9lnPqbgEU7o,9lnPqbgEU7o_0.09_0.17,0.09,0.17,3.0,UnconcealedGun,3.0,0.09,0.10,Train
776,ykJ7pyr87Qc,ykJ7pyr87Qc_0_0.13,0.00,0.13,4.0,UnconcealedGun,1.0,0.00,0.13,Train
777,ykJ7pyr87Qc,ykJ7pyr87Qc_0_0.13,0.00,0.13,4.0,Gun,2.0,0.00,0.13,Train
778,ykJ7pyr87Qc,ykJ7pyr87Qc_0_0.13,0.00,0.13,4.0,UnconcealedGun,3.0,0.00,0.13,Train
779,ykJ7pyr87Qc,ykJ7pyr87Qc_0_0.13,0.00,0.13,4.0,UnconcealedGun,4.0,0.00,0.01,Train
780,ykJ7pyr87Qc,ykJ7pyr87Qc_0_0.13,0.00,0.13,4.0,UnconcealedGun,4.0,0.03,0.11,Train
781,ykJ7pyr87Qc,ykJ7pyr87Qc_0_0.13,0.00,0.13,4.0,UnconcealedGun,4.0,0.13,0.13,Train
782,SSEh8dF0dng,SSEh8dF0dng_0_0.1,0.00,0.1,2.0,ConcealedGun,1.0,0.00,0.10,Test
783,SSEh8dF0dng,SSEh8dF0dng_0_0.1,0.00,0.1,2.0,UnconcealedGun,2.0,0.09,0.10,Test
784,SSEh8dF0dng,SSEh8dF0dng_0.11_0.13,0.11,0.13,2.0,Gun,1.0,0.11,0.11,Test
785,SSEh8dF0dng,SSEh8dF0dng_0.11_0.13,0.11,0.13,2.0,UnconcealedGun,1.0,0.12,0.13,Test
786,SSEh8dF0dng,SSEh8dF0dng_0.11_0.13,0.11,0.13,2.0,UnconcealedGun,2.0,0.11,0.13,Test
787,8seUFxHQKyc,8seUFxHQKyc_0.0_0.43,0.00,0.43,2.0,Gun,1.0,0.00,0.43,Train
788,8seUFxHQKyc,8seUFxHQKyc_0.0_0.43,0.00,0.43,2.0,UnconcealedGun,2.0,0.00,0.43,Train
789,w1ibWsmEB70,w1ibWsmEB70_0.1_0.29,0.10,0.29,3.0,UnconcealedGun,1.0,0.10,0.25,Test
790,w1ibWsmEB70,w1ibWsmEB70_0.1_0.29,0.10,0.29,3.0,Gun,2.0,0.11,0.29,Test
791,w1ibWsmEB70,w1ibWsmEB70_0.1_0.29,0.10,0.29,3.0,UnconcealedGun,3.0,0.22,0.23,Test
792,F0WGL3udF7U,F0WGL3udF7U_0_0.38,0.00,0.38,2.0,ConcealedGun,1.0,0.00,0.36,Train
793,F0WGL3udF7U,F0WGL3udF7U_0_0.38,0.00,0.38,2.0,UnconcealedGun,2.0,0.04,0.05,Train
794,F0WGL3udF7U,F0WGL3udF7U_0_0.38,0.00,0.38,2.0,UnconcealedGun,2.0,0.26,0.31,Train
795,1lBJVLRX5Us,ไม่มีเฟรม,0.00,0.04,2.0,UnconcealedGun,1.0,0.00,0.04,Train
796,1lBJVLRX5Us,ไม่มีเฟรม,0.00,0.04,2.0,ConcealedGun,2.0,0.01,0.04,Train
797,1lBJVLRX5Us,ไม่มีเฟรม,0.12,0.16,1.0,Gun,1.0,0.12,0.16,Train
798,1lBJVLRX5Us,ไม่มีเฟรม,0.19,0.22,1.0,Gun,1.0,0.19,0.22,Train
799,ooY1ZJ_lfXY,ooY1ZJ_lfXY_0_0.03,0.00,0.03,1.0,ConcealedGun,1.0,0.00,0.03,Train
800,ooY1ZJ_lfXY,ooY1ZJ_lfXY_0.04_0.1,0.04,0.1,1.0,ConcealedGun,1.0,0.04,0.10,Train
801,ooY1ZJ_lfXY,ooY1ZJ_lfXY_0.11_0.26,0.11,0.26,1.0,Gun,1.0,0.11,0.26,Train
802,x0HtJjWyb_A,x0HtJjWyb_A_0.04_0.08,0.04,0.08,4.0,ConcealedGun,1.0,0.04,0.07,Train
803,x0HtJjWyb_A,x0HtJjWyb_A_0.04_0.08,0.04,0.08,4.0,UnconcealedGun,2.0,0.04,0.08,Train
804,x0HtJjWyb_A,x0HtJjWyb_A_0.04_0.08,0.04,0.08,4.0,UnconcealedGun,3.0,0.04,0.07,Train
805,x0HtJjWyb_A,x0HtJjWyb_A_0.04_0.08,0.04,0.08,4.0,UnconcealedGun,4.0,0.05,0.06,Train
806,x0HtJjWyb_A,x0HtJjWyb_A_0.09_0.23,0.09,0.23,2.0,Gun,1.0,0.09,0.23,Train
807,x0HtJjWyb_A,x0HtJjWyb_A_0.09_0.23,0.09,0.23,2.0,UnconcealedGun,2.0,0.09,0.11,Train
808,hkfAQIr_lok,hkfAQIr_lok_0_0.29,0.00,0.29,4.0,Gun,1.0,0.00,0.29,Test
809,hkfAQIr_lok,hkfAQIr_lok_0_0.29,0.00,0.29,4.0,UnconcealedGun,2.0,0.00,0.03,Test
810,hkfAQIr_lok,hkfAQIr_lok_0_0.29,0.00,0.29,4.0,UnconcealedGun,3.0,0.00,0.01,Test
811,hkfAQIr_lok,hkfAQIr_lok_0_0.29,0.00,0.29,4.0,UnconcealedGun,3.0,0.14,0.20,Test
812,hkfAQIr_lok,hkfAQIr_lok_0_0.29,0.00,0.29,4.0,UnconcealedGun,4.0,0.02,0.02,Test
813,WVo94KnsdRA,WVo94KnsdRA_0.01_0.14,0.01,0.14,3.0,ConcealedGun,1.0,0.01,0.14,Train
814,WVo94KnsdRA,WVo94KnsdRA_0.01_0.14,0.01,0.14,3.0,UnconcealedGun,2.0,0.01,0.14,Train
815,WVo94KnsdRA,WVo94KnsdRA_0.01_0.14,0.01,0.14,3.0,UnconcealedGun,3.0,0.01,0.14,Train
816,WVo94KnsdRA,WVo94KnsdRA_0.15_0.3,0.15,0.3,3.0,Gun,1.0,0.15,0.30,Train
817,WVo94KnsdRA,WVo94KnsdRA_0.15_0.3,0.15,0.3,3.0,UnconcealedGun,2.0,0.15,0.30,Train
818,WVo94KnsdRA,WVo94KnsdRA_0.15_0.3,0.15,0.3,3.0,UnconcealedGun,3.0,0.15,0.30,Train
819,IkzTJ2wGIb4,IkzTJ2wGIb4_0_0.14,0.00,0.14,2.0,ConcealedGun,1.0,0.01,0.14,Test
820,IkzTJ2wGIb4,IkzTJ2wGIb4_0_0.14,0.00,0.14,2.0,UnconcealedGun,2.0,0.05,0.14,Test
821,IkzTJ2wGIb4,IkzTJ2wGIb4_0.15_0.29,0.15,0.29,2.0,Gun,1.0,0.15,0.29,Test
822,IkzTJ2wGIb4,IkzTJ2wGIb4_0.15_0.29,0.15,0.29,2.0,UnconcealedGun,2.0,0.15,0.29,Test
823,Bxki8PBdfq4,Bxki8PBdfq4_0_0.12,0.00,0.12,2.0,Gun,1.0,0.00,0.06,Train
824,Bxki8PBdfq4,Bxki8PBdfq4_0_0.12,0.00,0.12,2.0,Gun,1.0,0.07,0.12,Train
825,Bxki8PBdfq4,Bxki8PBdfq4_0_0.12,0.00,0.12,2.0,UnconcealedGun,2.0,0.00,0.02,Train
826,Bxki8PBdfq4,Bxki8PBdfq4_0_0.12,0.00,0.12,2.0,UnconcealedGun,2.0,0.07,0.07,Train
827,_xeIVOi9h0I,_xeIVOi9h0I_0_0.03,0.00,0.03,2.0,Gun,1.0,0.00,0.03,Train
828,_xeIVOi9h0I,_xeIVOi9h0I_0_0.03,0.00,0.03,2.0,UnconcealedGun,2.0,0.00,0.03,Train
829,IBo62ac-Mhk,IBo62ac-Mhk_0.06_0.11,0.07,0.11,2.0,Gun,1.0,0.07,0.11,Train
830,IBo62ac-Mhk,IBo62ac-Mhk_0.06_0.11,0.07,0.11,2.0,UnconcealedGun,2.0,0.11,0.11,Train
831,R9n9UxWB7Os,R9n9UxWB7Os_0_0.03,0.00,0.03,1.0,ConcealedGun,1.0,0.00,0.02,Train
832,R9n9UxWB7Os,R9n9UxWB7Os_0.04_0.06,0.04,0.06,2.0,ConcealedGun,1.0,0.04,0.06,Train
833,R9n9UxWB7Os,R9n9UxWB7Os_0.04_0.06,0.04,0.06,2.0,UnconcealedGun,2.0,0.04,0.06,Train
834,R9n9UxWB7Os,R9n9UxWB7Os_0.07_0.15,0.07,0.15,2.0,Gun,1.0,0.07,0.15,Train
835,R9n9UxWB7Os,R9n9UxWB7Os_0.07_0.15,0.07,0.15,2.0,UnconcealedGun,2.0,0.07,0.15,Train
836,SIELJ127aHY,SIELJ127aHY_0_0.18,0.00,0.18,2.0,UnconcealedGun,1.0,0.00,0.18,Train
837,SIELJ127aHY,SIELJ127aHY_0_0.18,0.00,0.18,2.0,Gun,1.0,0.05,0.14,Train
838,bp4_T5w7S8M,bp4_T5w7S8M_0_0.05,0.00,0.05,2.0,ConcealedGun,1.0,0.00,0.05,Train
839,bp4_T5w7S8M,bp4_T5w7S8M_0_0.05,0.00,0.05,2.0,UnconcealedGun,2.0,0.00,0.05,Train
840,bp4_T5w7S8M,bp4_T5w7S8M_0.06_0.17,0.06,0.17,2.0,Gun,1.0,0.06,0.17,Train
841,bp4_T5w7S8M,bp4_T5w7S8M_0.06_0.17,0.06,0.17,2.0,UnconcealedGun,2.0,0.06,0.09,Train
842,iKmeWcQ_rDw,iKmeWcQ_rDw_0.05_0.3,0.05,0.3,3.0,UnconcealedGun,1.0,0.05,0.13,Train
843,iKmeWcQ_rDw,iKmeWcQ_rDw_0.05_0.3,0.05,0.3,3.0,ConcealedGun,1.0,0.19,0.27,Train
844,iKmeWcQ_rDw,iKmeWcQ_rDw_0.05_0.3,0.05,0.3,3.0,UnconcealedGun,3.0,0.19,0.29,Train
845,iKmeWcQ_rDw,iKmeWcQ_rDw_0.41_0.46,0.41,0.46,3.0,Gun,1.0,0.42,0.46,Train
846,iKmeWcQ_rDw,iKmeWcQ_rDw_0.41_0.46,0.41,0.46,3.0,UnconcealedGun,2.0,0.44,0.46,Train
847,iKmeWcQ_rDw,iKmeWcQ_rDw_0.41_0.46,0.41,0.46,3.0,UnconcealedGun,3.0,0.44,0.46,Train
848,waGa7d7NEtQ,waGa7d7NEtQ_0.04_0.14,0.04,0.14,2.0,ConcealedGun,1.0,0.04,0.07,Train
849,waGa7d7NEtQ,waGa7d7NEtQ_0.04_0.14,0.04,0.14,2.0,ConcealedGun,1.0,0.12,0.14,Train
850,waGa7d7NEtQ,waGa7d7NEtQ_0.04_0.14,0.04,0.14,2.0,UnconcealedGun,2.0,0.05,0.10,Train
851,waGa7d7NEtQ,waGa7d7NEtQ_0.15_0.36,0.15,0.36,3.0,Gun,1.0,0.15,0.36,Train
852,waGa7d7NEtQ,waGa7d7NEtQ_0.15_0.36,0.15,0.36,3.0,UnconcealedGun,2.0,0.18,0.20,Train
853,waGa7d7NEtQ,waGa7d7NEtQ_0.15_0.36,0.15,0.36,3.0,UnconcealedGun,2.0,0.23,0.36,Train
854,waGa7d7NEtQ,waGa7d7NEtQ_0.15_0.36,0.15,0.36,3.0,UnconcealedGun,3.0,0.32,0.35,Train
855,waGa7d7NEtQ,waGa7d7NEtQ_0.38_0.43,0.38,0.43,2.0,UnconcealedGun,1.0,0.39,0.43,Train
856,waGa7d7NEtQ,waGa7d7NEtQ_0.38_0.43,0.38,0.43,2.0,ConcealedGun,2.0,0.39,0.43,Train
857,waGa7d7NEtQ,waGa7d7NEtQ_0.44_0.57,0.44,0.57,3.0,Gun,1.0,0.44,0.57,Train
858,waGa7d7NEtQ,waGa7d7NEtQ_0.44_0.57,0.44,0.57,3.0,UnconcealedGun,2.0,0.44,0.49,Train
859,waGa7d7NEtQ,waGa7d7NEtQ_0.44_0.57,0.44,0.57,3.0,UnconcealedGun,2.0,0.51,0.57,Train
860,waGa7d7NEtQ,waGa7d7NEtQ_0.44_0.57,0.44,0.57,3.0,UnconcealedGun,3.0,0.47,0.55,Train
861,bwPcmuzNMDY,bwPcmuzNMDY_0.07_0.11,0.07,0.11,1.0,ConcealedGun,1.0,0.07,0.09,Test
862,bwPcmuzNMDY,bwPcmuzNMDY_0.07_0.11,0.07,0.11,1.0,Gun,1.0,0.10,0.11,Test
863,bwPcmuzNMDY,bwPcmuzNMDY_0.11_0.17,0.11,0.17,2.0,ConcealedGun,1.0,0.11,0.17,Test
864,bwPcmuzNMDY,bwPcmuzNMDY_0.11_0.17,0.11,0.17,2.0,UnconcealedGun,2.0,0.15,0.17,Test
865,07hgY3JpUCo,07hgY3JpUCo_0.02_0.1,0.02,0.1,1.0,ConcealedGun,1.0,0.02,0.10,Train
866,07hgY3JpUCo,07hgY3JpUCo_0.11_0.22,0.11,0.22,1.0,Gun,1.0,0.11,0.22,Train
867,ZVVOsym6jB8,ZVVOsym6jB8_0_0.14,0.00,0.14,3.0,UnconcealedGun,1.0,0.00,0.14,Test
868,ZVVOsym6jB8,ZVVOsym6jB8_0_0.14,0.00,0.14,3.0,UnconcealedGun,2.0,0.00,0.14,Test
869,ZVVOsym6jB8,ZVVOsym6jB8_0_0.14,0.00,0.14,3.0,ConcealedGun,3.0,0.00,0.14,Test
870,ZVVOsym6jB8,ZVVOsym6jB8_0.15_0.52,0.15,0.52,3.0,UnconcealedGun,1.0,0.15,0.52,Test
871,ZVVOsym6jB8,ZVVOsym6jB8_0.15_0.52,0.15,0.52,3.0,UnconcealedGun,2.0,0.15,0.52,Test
872,ZVVOsym6jB8,ZVVOsym6jB8_0.15_0.52,0.15,0.52,3.0,Gun,3.0,0.15,0.52,Test
873,HpIBN3lpdAA,HpIBN3lpdAA_0.01_1.01,0.01,1.01,1.0,ConcealedGun,1.0,0.01,1.01,Train
874,oXwJH4V3uZQ,oXwJH4V3uZQ_0.57_1,0.57,1.0,1.0,ConcealedGun,1.0,0.57,1.00,Test
875,oXwJH4V3uZQ,oXwJH4V3uZQ_1.01_1.11,1.01,1.11,3.0,Gun,1.0,1.01,1.11,Test
876,oXwJH4V3uZQ,oXwJH4V3uZQ_1.01_1.11,1.01,1.11,3.0,UnconcealedGun,2.0,1.01,1.09,Test
877,oXwJH4V3uZQ,oXwJH4V3uZQ_1.01_1.11,1.01,1.11,3.0,UnconcealedGun,3.0,1.01,1.11,Test
878,YRyhPDau62w,YRyhPDau62w_0.08_0.18,0.08,0.18,1.0,Gun,1.0,0.08,0.18,Train
879,YRyhPDau62w,YRyhPDau62w_0.19_0.35,0.19,0.35,3.0,Gun,1.0,0.19,0.34,Train
880,YRyhPDau62w,YRyhPDau62w_0.19_0.35,0.19,0.35,3.0,UnconcealedGun,2.0,0.19,0.24,Train
881,YRyhPDau62w,YRyhPDau62w_0.19_0.35,0.19,0.35,3.0,UnconcealedGun,3.0,0.19,0.35,Train
882,oEughB32M4Q,oEughB32M4Q_0.04_0.16,0.04,0.16,3.0,ConcealedGun,1.0,0.04,0.06,Test
883,oEughB32M4Q,oEughB32M4Q_0.04_0.16,0.04,0.16,3.0,UnconcealedGun,2.0,0.04,0.07,Test
884,oEughB32M4Q,oEughB32M4Q_0.04_0.16,0.04,0.16,3.0,UnconcealedGun,3.0,0.04,0.16,Test
885,oEughB32M4Q,oEughB32M4Q_0.18_0.4,0.18,0.4,5.0,Gun,1.0,0.18,0.21,Test
886,oEughB32M4Q,oEughB32M4Q_0.18_0.4,0.18,0.4,5.0,Gun,1.0,0.21,0.25,Test
887,oEughB32M4Q,oEughB32M4Q_0.18_0.4,0.18,0.4,5.0,Gun,1.0,0.30,0.40,Test
888,oEughB32M4Q,oEughB32M4Q_0.18_0.4,0.18,0.4,5.0,UnconcealedGun,2.0,0.18,0.21,Test
889,oEughB32M4Q,oEughB32M4Q_0.18_0.4,0.18,0.4,5.0,UnconcealedGun,3.0,0.19,0.19,Test
890,oEughB32M4Q,oEughB32M4Q_0.18_0.4,0.18,0.4,5.0,UnconcealedGun,3.0,0.21,0.40,Test
891,oEughB32M4Q,oEughB32M4Q_0.18_0.4,0.18,0.4,5.0,UnconcealedGun,4.0,0.30,0.36,Test
892,oEughB32M4Q,oEughB32M4Q_0.18_0.4,0.18,0.4,5.0,UnconcealedGun,5.0,0.25,0.39,Test
893,oEughB32M4Q,oEughB32M4Q_0.42_0.49,0.42,0.49,4.0,Gun,1.0,0.42,0.49,Test
894,oEughB32M4Q,oEughB32M4Q_0.42_0.49,0.42,0.49,4.0,UnconcealedGun,2.0,0.42,0.49,Test
895,oEughB32M4Q,oEughB32M4Q_0.42_0.49,0.42,0.49,4.0,UnconcealedGun,3.0,0.42,0.45,Test
896,oEughB32M4Q,oEughB32M4Q_0.42_0.49,0.42,0.49,4.0,UnconcealedGun,3.0,0.48,0.49,Test
897,oEughB32M4Q,oEughB32M4Q_0.42_0.49,0.42,0.49,4.0,UnconcealedGun,4.0,0.42,0.49,Test
898,aMOWqXyz9p0,aMOWqXyz9p0_0.04_0.09,0.04,0.09,2.0,Gun,1.0,0.04,0.07,Train
899,aMOWqXyz9p0,aMOWqXyz9p0_0.04_0.09,0.04,0.09,2.0,UnconcealedGun,2.0,0.04,0.09,Train
900,aMOWqXyz9p0,aMOWqXyz9p0_0.1_0.21,0.10,0.21,2.0,Gun,1.0,0.10,0.15,Train
901,aMOWqXyz9p0,aMOWqXyz9p0_0.1_0.21,0.10,0.21,2.0,Gun,1.0,0.18,0.21,Train
902,aMOWqXyz9p0,aMOWqXyz9p0_0.1_0.21,0.10,0.21,2.0,UnconcealedGun,2.0,0.10,0.15,Train
903,ZY3vFNg66Qs,ZY3vFNg66Qs_0.02_0.1,0.02,0.1,1.0,ConcealedGun,1.0,0.02,0.10,Train
904,ZY3vFNg66Qs,ZY3vFNg66Qs_0.11_0.12,0.11,0.12,1.0,Gun,1.0,0.11,0.12,Train
905,ZY3vFNg66Qs,ZY3vFNg66Qs_0.13_0.3,0.13,0.3,1.0,Gun,1.0,0.13,0.30,Train
906,ZY3vFNg66Qs,ZY3vFNg66Qs_1.01_1.1,1.01,1.1,1.0,ConcealedGun,1.0,1.01,1.10,Train
907,ZY3vFNg66Qs,ZY3vFNg66Qs_1.11_1.2,1.11,1.2,1.0,ConcealedGun,1.0,1.11,1.20,Train
908,ZY3vFNg66Qs,ZY3vFNg66Qs_1.21_1.32,1.21,1.32,1.0,Gun,1.0,1.21,1.32,Train
909,ZY3vFNg66Qs,ZY3vFNg66Qs_2.05_2.19,2.05,2.19,2.0,ConcealedGun,1.0,2.05,2.19,Train
910,ZY3vFNg66Qs,ZY3vFNg66Qs_2.05_2.19,2.05,2.19,2.0,UnconcealedGun,2.0,2.09,2.13,Train
911,ZY3vFNg66Qs,ZY3vFNg66Qs_2.2_3.1,2.20,3.1,2.0,Gun,1.0,2.20,3.09,Train
912,ZY3vFNg66Qs,ZY3vFNg66Qs_2.2_3.1,2.20,3.1,2.0,UnconcealedGun,2.0,2.29,2.33,Train
913,ZY3vFNg66Qs,ZY3vFNg66Qs_2.2_3.1,2.20,3.1,2.0,UnconcealedGun,2.0,2.38,2.41,Train
914,ZY3vFNg66Qs,ZY3vFNg66Qs_2.2_3.1,2.20,3.1,2.0,UnconcealedGun,2.0,2.45,3.09,Train
915,mi84_RqmaAk,mi84_RqmaAk_0.04_0.07,0.04,0.07,1.0,ConcealedGun,1.0,0.04,0.07,Train
916,mi84_RqmaAk,mi84_RqmaAk_0.08_0.12,0.08,0.12,1.0,Gun,1.0,0.09,0.12,Train
917,mi84_RqmaAk,mi84_RqmaAk_0.13_0.23,0.13,0.23,1.0,Gun,1.0,0.13,0.23,Train
918,MmkviKCTJ-Q,MmkviKCTJ-Q_0.04_0.07,0.04,0.07,1.0,ConcealedGun,1.0,0.04,0.07,Train
919,MmkviKCTJ-Q,MmkviKCTJ-Q_0.08_0.11,0.08,0.11,2.0,ConcealedGun,1.0,0.08,0.11,Train
920,MmkviKCTJ-Q,MmkviKCTJ-Q_0.08_0.11,0.08,0.11,2.0,UnconcealedGun,2.0,0.08,0.10,Train
921,MmkviKCTJ-Q,MmkviKCTJ-Q_0.12_0.23,0.12,0.23,2.0,Gun,1.0,0.12,0.23,Train
922,MmkviKCTJ-Q,MmkviKCTJ-Q_0.12_0.23,0.12,0.23,2.0,UnconcealedGun,2.0,0.14,0.15,Train
923,6FiznFOwKfM,6FiznFOwKfM_0_0.41,0.00,0.41,6.0,UnconcealedGun,1.0,0.00,0.15,Test
924,6FiznFOwKfM,6FiznFOwKfM_0_0.41,0.00,0.41,6.0,UnconcealedGun,1.0,0.17,0.41,Test
925,6FiznFOwKfM,6FiznFOwKfM_0_0.41,0.00,0.41,6.0,UnconcealedGun,2.0,0.00,0.41,Test
926,6FiznFOwKfM,6FiznFOwKfM_0_0.41,0.00,0.41,6.0,UnconcealedGun,3.0,0.00,0.15,Test
927,6FiznFOwKfM,6FiznFOwKfM_0_0.41,0.00,0.41,6.0,UnconcealedGun,3.0,0.20,0.25,Test
928,6FiznFOwKfM,6FiznFOwKfM_0_0.41,0.00,0.41,6.0,UnconcealedGun,3.0,0.30,0.32,Test
929,6FiznFOwKfM,6FiznFOwKfM_0_0.41,0.00,0.41,6.0,UnconcealedGun,3.0,0.35,0.41,Test
930,6FiznFOwKfM,6FiznFOwKfM_0_0.41,0.00,0.41,6.0,UnconcealedGun,4.0,0.00,0.10,Test
931,6FiznFOwKfM,6FiznFOwKfM_0_0.41,0.00,0.41,6.0,Gun,5.0,0.01,0.09,Test
932,6FiznFOwKfM,6FiznFOwKfM_0_0.41,0.00,0.41,6.0,Gun,5.0,0.14,0.39,Test
933,6FiznFOwKfM,6FiznFOwKfM_0_0.41,0.00,0.41,6.0,UnconcealedGun,6.0,0.13,0.41,Test
934,RMXSsyt2F7A,RMXSsyt2F7A_0_0.15,0.00,0.15,3.0,UnconcealedGun,1.0,0.00,0.15,Train
935,RMXSsyt2F7A,RMXSsyt2F7A_0_0.15,0.00,0.15,3.0,ConcealedGun,2.0,0.01,0.15,Train
936,RMXSsyt2F7A,RMXSsyt2F7A_0_0.15,0.00,0.15,3.0,UnconcealedGun,3.0,0.05,0.15,Train
937,RMXSsyt2F7A,RMXSsyt2F7A_0.16_0.55,0.16,0.55,3.0,UnconcealedGun,1.0,0.16,0.55,Train
938,RMXSsyt2F7A,RMXSsyt2F7A_0.16_0.55,0.16,0.55,3.0,Gun,2.0,0.16,0.55,Train
939,RMXSsyt2F7A,RMXSsyt2F7A_0.16_0.55,0.16,0.55,3.0,UnconcealedGun,3.0,0.16,0.55,Train
940,hSV4CmZ0Xoc,hSV4CmZ0Xoc_0.55_1.09,0.55,1.09,2.0,UnconcealedGun,1.0,0.55,1.05,Train
941,hSV4CmZ0Xoc,hSV4CmZ0Xoc_0.55_1.09,0.55,1.09,2.0,ConcealedGun,2.0,1.06,1.09,Train
942,hSV4CmZ0Xoc,hSV4CmZ0Xoc_1.1_1.16,1.10,1.16,2.0,Gun,1.0,1.11,1.16,Train
943,hSV4CmZ0Xoc,hSV4CmZ0Xoc_1.1_1.16,1.10,1.16,2.0,UnconcealedGun,2.0,1.13,1.16,Train
944,hSV4CmZ0Xoc,hSV4CmZ0Xoc_1.21_1.28,1.21,1.28,2.0,Gun,1.0,1.21,1.28,Train
945,hSV4CmZ0Xoc,hSV4CmZ0Xoc_1.21_1.28,1.21,1.28,2.0,UnconcealedGun,2.0,1.23,1.28,Train
946,hSV4CmZ0Xoc,hSV4CmZ0Xoc_1.3_1.4,1.30,1.4,4.0,UnconcealedGun,1.0,1.30,1.38,Train
947,hSV4CmZ0Xoc,hSV4CmZ0Xoc_1.3_1.4,1.30,1.4,4.0,Gun,2.0,1.30,1.40,Train
948,hSV4CmZ0Xoc,hSV4CmZ0Xoc_1.3_1.4,1.30,1.4,4.0,UnconcealedGun,3.0,1.35,1.40,Train
949,hSV4CmZ0Xoc,hSV4CmZ0Xoc_1.3_1.4,1.30,1.4,4.0,UnconcealedGun,4.0,1.37,1.40,Train
950,hSV4CmZ0Xoc,hSV4CmZ0Xoc_2.11_2.13,2.11,2.13,1.0,UnconcealedGun,1.0,2.11,2.13,Train
951,hSV4CmZ0Xoc,hSV4CmZ0Xoc_2.15_2.26,2.15,2.26,3.0,UnconcealedGun,1.0,2.15,2.26,Train
952,hSV4CmZ0Xoc,hSV4CmZ0Xoc_2.15_2.26,2.15,2.26,3.0,UnconcealedGun,2.0,2.15,2.26,Train
953,hSV4CmZ0Xoc,hSV4CmZ0Xoc_2.15_2.26,2.15,2.26,3.0,UnconcealedGun,3.0,2.15,2.26,Train
954,hSV4CmZ0Xoc,hSV4CmZ0Xoc_3.09_3.5,3.09,3.5,2.0,UnconcealedGun,1.0,3.09,3.13,Train
955,hSV4CmZ0Xoc,hSV4CmZ0Xoc_3.09_3.5,3.09,3.5,2.0,UnconcealedGun,1.0,3.22,3.23,Train
956,hSV4CmZ0Xoc,hSV4CmZ0Xoc_3.09_3.5,3.09,3.5,2.0,UnconcealedGun,1.0,3.27,3.49,Train
957,hSV4CmZ0Xoc,hSV4CmZ0Xoc_3.09_3.5,3.09,3.5,2.0,UnconcealedGun,2.0,3.15,3.16,Train
958,hSV4CmZ0Xoc,hSV4CmZ0Xoc_3.09_3.5,3.09,3.5,2.0,UnconcealedGun,2.0,3.19,3.23,Train
959,hSV4CmZ0Xoc,hSV4CmZ0Xoc_3.09_3.5,3.09,3.5,2.0,UnconcealedGun,2.0,3.44,3.46,Train
960,hSV4CmZ0Xoc,hSV4CmZ0Xoc_3.09_3.5,3.09,3.5,2.0,UnconcealedGun,2.0,3.48,3.50,Train
961,gOI77WAoVf0,gOI77WAoVf0_0.51_1.17,0.51,1.17,2.0,UnconcealedGun,1.0,0.51,1.17,Train
962,gOI77WAoVf0,gOI77WAoVf0_0.51_1.17,0.51,1.17,2.0,ConcealedGun,2.0,1.10,1.17,Train
963,gOI77WAoVf0,gOI77WAoVf0_1.18_1.25,1.18,1.25,2.0,UnconcealedGun,1.0,1.18,1.25,Train
964,gOI77WAoVf0,gOI77WAoVf0_1.18_1.25,1.18,1.25,2.0,Gun,2.0,1.18,1.25,Train
965,gOI77WAoVf0,gOI77WAoVf0_1.55_2.01,1.55,2.01,1.0,Gun,1.0,1.55,2.01,Train
966,q-jhf-XQCNU,q-jhf-XQCNU_0.46_1.01,0.46,1.01,5.0,UnconcealedGun,1.0,0.46,1.01,Train
967,q-jhf-XQCNU,q-jhf-XQCNU_0.46_1.01,0.46,1.01,5.0,UnconcealedGun,2.0,0.46,0.49,Train
968,q-jhf-XQCNU,q-jhf-XQCNU_0.46_1.01,0.46,1.01,5.0,ConcealedGun,3.0,0.46,1.01,Train
969,q-jhf-XQCNU,q-jhf-XQCNU_0.46_1.01,0.46,1.01,5.0,ConcealedGun,4.0,0.58,1.01,Train
970,q-jhf-XQCNU,q-jhf-XQCNU_0.46_1.01,0.46,1.01,5.0,UnconcealedGun,5.0,0.59,1.01,Train
971,q-jhf-XQCNU,q-jhf-XQCNU_1.02_1.04,1.02,1.04,5.0,UnconcealedGun,1.0,1.02,1.04,Train
972,q-jhf-XQCNU,q-jhf-XQCNU_1.02_1.04,1.02,1.04,5.0,UnconcealedGun,2.0,1.02,1.04,Train
973,q-jhf-XQCNU,q-jhf-XQCNU_1.02_1.04,1.02,1.04,5.0,Gun,3.0,1.02,1.04,Train
974,q-jhf-XQCNU,q-jhf-XQCNU_1.02_1.04,1.02,1.04,5.0,Gun,4.0,1.02,1.04,Train
975,q-jhf-XQCNU,q-jhf-XQCNU_1.02_1.04,1.02,1.04,5.0,UnconcealedGun,5.0,1.02,1.04,Train
976,7S5evcH7izs,7S5evcH7izs_0.0_1.55,0.00,1.55,4.0,UnconcealedGun,1.0,0.00,1.55,Train
977,7S5evcH7izs,7S5evcH7izs_0.0_1.55,0.00,1.55,4.0,UnconcealedGun,2.0,0.00,1.55,Train
978,7S5evcH7izs,7S5evcH7izs_0.0_1.55,0.00,1.55,4.0,UnconcealedGun,3.0,0.00,0.56,Train
979,7S5evcH7izs,7S5evcH7izs_0.0_1.55,0.00,1.55,4.0,UnconcealedGun,4.0,0.44,1.55,Train
980,7S5evcH7izs,7S5evcH7izs_1.56_4.15,1.56,4.15,4.0,UnconcealedGun,1.0,1.56,2.00,Train
981,7S5evcH7izs,7S5evcH7izs_1.56_4.15,1.56,4.15,4.0,UnconcealedGun,2.0,1.56,4.15,Train
982,7S5evcH7izs,7S5evcH7izs_1.56_4.15,1.56,4.15,4.0,UnconcealedGun,3.0,1.56,4.15,Train
983,7S5evcH7izs,7S5evcH7izs_1.56_4.15,1.56,4.15,4.0,UnconcealedGun,4.0,1.56,4.15,Train
984,7S5evcH7izs,7S5evcH7izs_4.16_4.24,4.16,4.24,5.0,UnconcealedGun,1.0,4.16,4.24,Train
985,7S5evcH7izs,7S5evcH7izs_4.16_4.24,4.16,4.24,5.0,UnconcealedGun,2.0,4.16,4.24,Train
986,7S5evcH7izs,7S5evcH7izs_4.16_4.24,4.16,4.24,5.0,UnconcealedGun,3.0,4.16,4.24,Train
987,7S5evcH7izs,7S5evcH7izs_4.16_4.24,4.16,4.24,5.0,ConcealedGun,4.0,4.16,4.24,Train
988,7S5evcH7izs,7S5evcH7izs_4.16_4.24,4.16,4.24,5.0,UnconcealedGun,5.0,4.20,4.24,Train
989,7S5evcH7izs,7S5evcH7izs_4.25_4.37,4.25,4.37,6.0,UnconcealedGun,1.0,4.25,4.27,Train
990,7S5evcH7izs,7S5evcH7izs_4.25_4.37,4.25,4.37,6.0,UnconcealedGun,1.0,4.36,4.37,Train
991,7S5evcH7izs,7S5evcH7izs_4.25_4.37,4.25,4.37,6.0,UnconcealedGun,2.0,4.25,4.35,Train
992,7S5evcH7izs,7S5evcH7izs_4.25_4.37,4.25,4.37,6.0,Gun,3.0,4.25,4.37,Train
993,7S5evcH7izs,7S5evcH7izs_4.25_4.37,4.25,4.37,6.0,UnconcealedGun,4.0,4.25,4.37,Train
994,7S5evcH7izs,7S5evcH7izs_4.25_4.37,4.25,4.37,6.0,UnconcealedGun,5.0,4.25,4.37,Train
995,7S5evcH7izs,7S5evcH7izs_4.25_4.37,4.25,4.37,6.0,UnconcealedGun,6.0,4.25,4.37,Train
996,ZHrL63U2vy0,ZHrL63U2vy0_0.29_0.33,0.29,0.33,1.0,ConcealedGun,1.0,0.29,0.33,Train
997,ZHrL63U2vy0,ZHrL63U2vy0_0.34_0.52,0.34,0.52,2.0,Gun,1.0,0.34,0.52,Train
998,ZHrL63U2vy0,ZHrL63U2vy0_0.34_0.52,0.34,0.52,2.0,UnconcealedGun,2.0,0.49,0.51,Train
999,ZHrL63U2vy0,ZHrL63U2vy0_2.1_2.15,2.10,2.15,2.0,ConcealedGun,1.0,2.10,2.15,Train
1000,ZHrL63U2vy0,ZHrL63U2vy0_2.1_2.15,2.10,2.15,2.0,UnconcealedGun,2.0,2.10,2.15,Train
1001,ZHrL63U2vy0,ZHrL63U2vy0_2.16_2.2,2.16,2.2,2.0,Gun,1.0,2.16,2.20,Train
1002,ZHrL63U2vy0,ZHrL63U2vy0_2.16_2.2,2.16,2.2,2.0,UnconcealedGun,2.0,2.16,2.17,Train
1003,ZHrL63U2vy0,ZHrL63U2vy0_2.46_2.51,2.46,2.51,2.0,ConcealedGun,1.0,2.46,2.51,Train
1004,ZHrL63U2vy0,ZHrL63U2vy0_2.46_2.51,2.46,2.51,2.0,UnconcealedGun,2.0,2.46,2.51,Train
1005,ZHrL63U2vy0,ZHrL63U2vy0_2.52_2.57,2.52,2.57,1.0,ConcealedGun,1.0,2.52,2.57,Train
1006,ZHrL63U2vy0,ZHrL63U2vy0_2.58_3.1,2.58,3.1,2.0,Gun,1.0,2.58,3.10,Train
1007,ZHrL63U2vy0,ZHrL63U2vy0_2.58_3.1,2.58,3.1,2.0,UnconcealedGun,2.0,3.00,3.05,Train
1008,ZHrL63U2vy0,ZHrL63U2vy0_3.38_3.43,3.38,3.43,1.0,ConcealedGun,1.0,3.38,3.43,Train
1009,ZHrL63U2vy0,ZHrL63U2vy0_3.59_4.18,3.59,4.18,3.0,Gun,1.0,3.59,4.18,Train
1010,ZHrL63U2vy0,ZHrL63U2vy0_3.59_4.18,3.59,4.18,3.0,UnconcealedGun,2.0,3.59,4.09,Train
1011,ZHrL63U2vy0,ZHrL63U2vy0_3.59_4.18,3.59,4.18,3.0,UnconcealedGun,3.0,4.03,4.18,Train
1012,ZHrL63U2vy0,ZHrL63U2vy0_4.59_5.18,4.59,5.18,2.0,Gun,1.0,4.59,5.18,Train
1013,ZHrL63U2vy0,ZHrL63U2vy0_4.59_5.18,4.59,5.18,2.0,UnconcealedGun,2.0,5.15,5.18,Train
1014,ZHrL63U2vy0,ZHrL63U2vy0_5.4_5.49,5.40,5.49,2.0,Gun,1.0,5.40,5.49,Train
1015,ZHrL63U2vy0,ZHrL63U2vy0_5.4_5.49,5.40,5.49,2.0,UnconcealedGun,2.0,5.42,5.49,Train
1016,ZHrL63U2vy0,ZHrL63U2vy0_6.42_6.47,6.42,6.47,2.0,ConcealedGun,1.0,6.42,6.47,Train
1017,ZHrL63U2vy0,ZHrL63U2vy0_6.42_6.47,6.42,6.47,2.0,UnconcealedGun,2.0,6.42,6.47,Train
1018,ZHrL63U2vy0,ZHrL63U2vy0_6.48_6.52,6.48,6.52,2.0,Gun,1.0,6.48,6.52,Train
1019,ZHrL63U2vy0,ZHrL63U2vy0_6.48_6.52,6.48,6.52,2.0,UnconcealedGun,2.0,6.48,6.49,Train
1020,fDhNPURRcAU,fDhNPURRcAU_0.31_0.45,0.31,0.45,3.0,Gun,1.0,0.31,0.45,Train
1021,fDhNPURRcAU,fDhNPURRcAU_0.31_0.45,0.31,0.45,3.0,Gun,2.0,0.33,0.45,Train
1022,fDhNPURRcAU,fDhNPURRcAU_0.31_0.45,0.31,0.45,3.0,UnconcealedGun,3.0,0.33,0.45,Train
1023,zfenP-xV0H8,zfenP-xV0H8_0.23_0.37,0.23,0.37,2.0,ConcealedGun,1.0,0.23,0.37,Train
1024,zfenP-xV0H8,zfenP-xV0H8_0.23_0.37,0.23,0.37,2.0,UnconcealedGun,2.0,0.35,0.37,Train
1025,zfenP-xV0H8,zfenP-xV0H8_0.38_0.44,0.38,0.44,2.0,Gun,1.0,0.38,0.44,Train
1026,zfenP-xV0H8,zfenP-xV0H8_0.38_0.44,0.38,0.44,2.0,UnconcealedGun,2.0,0.38,0.42,Train
1027,a7sJqJv0wns,a7sJqJv0wns_0_0.22,0.00,0.22,3.0,UnconcealedGun,1.0,0.00,0.22,Train
1028,a7sJqJv0wns,a7sJqJv0wns_0_0.22,0.00,0.22,3.0,UnconcealedGun,2.0,0.00,0.22,Train
1029,a7sJqJv0wns,a7sJqJv0wns_0_0.22,0.00,0.22,3.0,UnconcealedGun,3.0,0.05,0.22,Train
1030,a7sJqJv0wns,a7sJqJv0wns_0.23_0.33,0.23,0.33,3.0,ConcealedGun,1.0,0.23,0.33,Train
1031,a7sJqJv0wns,a7sJqJv0wns_0.23_0.33,0.23,0.33,3.0,UnconcealedGun,2.0,0.23,0.33,Train
1032,a7sJqJv0wns,a7sJqJv0wns_0.23_0.33,0.23,0.33,3.0,UnconcealedGun,3.0,0.23,0.33,Train
1033,a7sJqJv0wns,a7sJqJv0wns_0.34_0.48,0.34,0.48,4.0,ConcealedGun,1.0,0.34,0.48,Train
1034,a7sJqJv0wns,a7sJqJv0wns_0.34_0.48,0.34,0.48,4.0,UnconcealedGun,2.0,0.34,0.48,Train
1035,a7sJqJv0wns,a7sJqJv0wns_0.34_0.48,0.34,0.48,4.0,UnconcealedGun,3.0,0.34,0.37,Train
1036,a7sJqJv0wns,a7sJqJv0wns_0.34_0.48,0.34,0.48,4.0,UnconcealedGun,4.0,0.34,0.48,Train
1037,a7sJqJv0wns,a7sJqJv0wns_0.49_0.56,0.49,0.56,3.0,Gun,1.0,0.49,0.56,Train
1038,a7sJqJv0wns,a7sJqJv0wns_0.49_0.56,0.49,0.56,3.0,UnconcealedGun,2.0,0.49,0.56,Train
1039,a7sJqJv0wns,a7sJqJv0wns_0.49_0.56,0.49,0.56,3.0,UnconcealedGun,3.0,0.49,0.56,Train
1040,a7sJqJv0wns,a7sJqJv0wns_0.57_1.0,0.57,1.0,2.0,Gun,1.0,0.57,1.00,Train
1041,a7sJqJv0wns,a7sJqJv0wns_0.57_1.0,0.57,1.0,2.0,UnconcealedGun,2.0,0.57,1.00,Train
1042,HbasQEyXpRc,HbasQEyXpRc_0_0.08,0.00,0.08,3.0,UnconcealedGun,1.0,0.00,0.08,Train
1043,HbasQEyXpRc,HbasQEyXpRc_0_0.08,0.00,0.08,3.0,ConcealedGun,2.0,0.00,0.08,Train
1044,HbasQEyXpRc,HbasQEyXpRc_0_0.08,0.00,0.08,3.0,UnconcealedGun,3.0,0.00,0.06,Train
1045,HbasQEyXpRc,HbasQEyXpRc_0.14_0.2,0.14,0.2,3.0,Gun,1.0,0.14,0.20,Train
1046,HbasQEyXpRc,HbasQEyXpRc_0.14_0.2,0.14,0.2,3.0,UnconcealedGun,2.0,0.14,0.20,Train
1047,HbasQEyXpRc,HbasQEyXpRc_0.14_0.2,0.14,0.2,3.0,UnconcealedGun,3.0,0.14,0.19,Train
1048,aa1W61cPg1g,aa1W61cPg1g_0.27_0.3,0.27,0.3,1.0,ConcealedGun,1.0,0.27,0.30,Train
1049,aa1W61cPg1g,aa1W61cPg1g_0.31_0.45,0.31,0.45,3.0,ConcealedGun,1.0,0.31,0.45,Train
1050,aa1W61cPg1g,aa1W61cPg1g_0.31_0.45,0.31,0.45,3.0,UnconcealedGun,2.0,0.31,0.45,Train
1051,aa1W61cPg1g,aa1W61cPg1g_0.31_0.45,0.31,0.45,3.0,UnconcealedGun,3.0,0.42,0.42,Train
1052,aa1W61cPg1g,aa1W61cPg1g_0.31_0.45,0.31,0.45,3.0,UnconcealedGun,3.0,0.44,0.44,Train
1053,aa1W61cPg1g,aa1W61cPg1g_0.46_0.5,0.46,0.5,2.0,Gun,1.0,0.46,0.50,Train
1054,aa1W61cPg1g,aa1W61cPg1g_0.46_0.5,0.46,0.5,2.0,UnconcealedGun,2.0,0.46,0.48,Train
1055,aa1W61cPg1g,aa1W61cPg1g_0.59_1.04,0.59,1.04,1.0,ConcealedGun,1.0,0.59,1.04,Train
1056,aa1W61cPg1g,aa1W61cPg1g_1.05_1.11,1.05,1.11,2.0,ConcealedGun,1.0,1.05,1.11,Train
1057,aa1W61cPg1g,aa1W61cPg1g_1.05_1.11,1.05,1.11,2.0,UnconcealedGun,2.0,1.05,1.11,Train
1058,aa1W61cPg1g,aa1W61cPg1g_1.08_1.24,1.18,1.24,2.0,Gun,1.0,1.18,1.24,Train
1059,aa1W61cPg1g,aa1W61cPg1g_1.08_1.24,1.18,1.24,2.0,UnconcealedGun,2.0,1.18,1.24,Train
1060,aa1W61cPg1g,aa1W61cPg1g_2.07_2.2,2.07,2.2,2.0,Gun,1.0,2.07,2.20,Train
1061,aa1W61cPg1g,aa1W61cPg1g_2.07_2.2,2.07,2.2,2.0,Gun,2.0,2.08,2.11,Train
1062,aa1W61cPg1g,aa1W61cPg1g_2.07_2.2,2.07,2.2,2.0,Gun,2.0,2.19,2.19,Train
1063,6Bqe0mc2P1o,6Bqe0mc2P1o_0.53_1.1,0.53,1.1,4.0,ConcealedGun,1.0,0.53,1.10,Train
1064,6Bqe0mc2P1o,6Bqe0mc2P1o_0.53_1.1,0.53,1.1,4.0,UnconcealedGun,2.0,0.53,1.10,Train
1065,6Bqe0mc2P1o,6Bqe0mc2P1o_0.53_1.1,0.53,1.1,4.0,UnconcealedGun,3.0,0.58,1.10,Train
1066,6Bqe0mc2P1o,6Bqe0mc2P1o_0.53_1.1,0.53,1.1,4.0,UnconcealedGun,4.0,1.08,1.10,Train
1067,6Bqe0mc2P1o,6Bqe0mc2P1o_1.11_1.14,1.11,1.14,3.0,Gun,1.0,1.11,1.13,Train
1068,6Bqe0mc2P1o,6Bqe0mc2P1o_1.11_1.14,1.11,1.14,3.0,UnconcealedGun,2.0,1.11,1.14,Train
1069,6Bqe0mc2P1o,6Bqe0mc2P1o_1.11_1.14,1.11,1.14,3.0,UnconcealedGun,3.0,1.11,1.12,Train
1070,J4Z-WDVlZMY,J4Z-WDVlZMY_0.34_0.48,0.34,0.48,3.0,UnconcealedGun,1.0,0.34,0.48,Train
1071,J4Z-WDVlZMY,J4Z-WDVlZMY_0.34_0.48,0.34,0.48,3.0,UnconcealedGun,2.0,0.34,0.42,Train
1072,J4Z-WDVlZMY,J4Z-WDVlZMY_0.34_0.48,0.34,0.48,3.0,UnconcealedGun,3.0,0.34,0.36,Train
1073,J4Z-WDVlZMY,J4Z-WDVlZMY_0.34_0.48,0.34,0.48,3.0,UnconcealedGun,3.0,0.39,0.39,Train
1074,J4Z-WDVlZMY,J4Z-WDVlZMY_0.34_0.48,0.34,0.48,3.0,UnconcealedGun,3.0,0.42,0.43,Train
1075,8fA3lxS9Xyg,8fA3lxS9Xyg_0.03_0.08,0.03,0.08,1.0,ConcealedGun,1.0,0.03,0.08,Train
1076,8fA3lxS9Xyg,8fA3lxS9Xyg_0.09_0.11,0.09,0.11,2.0,Gun,1.0,0.09,0.11,Train
1077,8fA3lxS9Xyg,8fA3lxS9Xyg_0.09_0.11,0.09,0.11,2.0,UnconcealedGun,2.0,0.10,0.11,Train
1078,XYQPtMSRHCk,XYQPtMSRHCk_0.23_0.37,0.23,0.37,2.0,UnconcealedGun,1.0,0.24,0.33,Test
1079,XYQPtMSRHCk,XYQPtMSRHCk_0.23_0.37,0.23,0.37,2.0,Gun,2.0,0.25,0.34,Test
1080,XYQPtMSRHCk,XYQPtMSRHCk_0.23_0.37,0.23,0.37,2.0,Gun,2.0,0.37,0.37,Test
1081,XYQPtMSRHCk,XYQPtMSRHCk_0.38_0.48,0.38,0.48,3.0,UnconcealedGun,1.0,0.38,0.40,Test
1082,XYQPtMSRHCk,XYQPtMSRHCk_0.38_0.48,0.38,0.48,3.0,UnconcealedGun,2.0,0.41,0.42,Test
1083,XYQPtMSRHCk,XYQPtMSRHCk_0.38_0.48,0.38,0.48,3.0,UnconcealedGun,2.0,0.44,0.46,Test
1084,XYQPtMSRHCk,XYQPtMSRHCk_0.38_0.48,0.38,0.48,3.0,Gun,3.0,0.45,0.48,Test
1085,XYQPtMSRHCk,XYQPtMSRHCk_0.39_0.57,0.49,0.57,2.0,UnconcealedGun,1.0,0.49,0.57,Test
1086,XYQPtMSRHCk,XYQPtMSRHCk_0.39_0.57,0.49,0.57,2.0,UnconcealedGun,2.0,0.50,0.57,Test
1087,XYQPtMSRHCk,XYQPtMSRHCk_1.14_1.24,1.14,1.24,3.0,UnconcealedGun,1.0,1.14,1.15,Test
1088,XYQPtMSRHCk,XYQPtMSRHCk_1.14_1.24,1.14,1.24,3.0,UnconcealedGun,1.0,1.20,1.24,Test
1089,XYQPtMSRHCk,XYQPtMSRHCk_1.14_1.24,1.14,1.24,3.0,UnconcealedGun,2.0,1.14,1.20,Test
1090,XYQPtMSRHCk,XYQPtMSRHCk_1.14_1.24,1.14,1.24,3.0,Gun,3.0,1.14,1.19,Test
1091,XYQPtMSRHCk,XYQPtMSRHCk_1.14_1.24,1.14,1.24,3.0,Gun,3.0,1.22,1.24,Test
1092,XYQPtMSRHCk,XYQPtMSRHCk_1.25_1.32,1.25,1.32,5.0,UnconcealedGun,1.0,1.25,1.27,Test
1093,XYQPtMSRHCk,XYQPtMSRHCk_1.25_1.32,1.25,1.32,5.0,UnconcealedGun,2.0,1.25,1.32,Test
1094,XYQPtMSRHCk,XYQPtMSRHCk_1.25_1.32,1.25,1.32,5.0,UnconcealedGun,3.0,1.25,1.25,Test
1095,XYQPtMSRHCk,XYQPtMSRHCk_1.25_1.32,1.25,1.32,5.0,UnconcealedGun,3.0,1.29,1.29,Test
1096,XYQPtMSRHCk,XYQPtMSRHCk_1.25_1.32,1.25,1.32,5.0,Gun,4.0,1.25,1.25,Test
1097,XYQPtMSRHCk,XYQPtMSRHCk_1.25_1.32,1.25,1.32,5.0,Gun,4.0,1.27,1.28,Test
1098,XYQPtMSRHCk,XYQPtMSRHCk_1.25_1.32,1.25,1.32,5.0,UnconcealedGun,5.0,1.26,1.27,Test
1099,XYQPtMSRHCk,XYQPtMSRHCk_1.33_1.38,1.33,1.38,2.0,Gun,1.0,1.34,1.38,Test
1100,XYQPtMSRHCk,XYQPtMSRHCk_1.33_1.38,1.33,1.38,2.0,UnconcealedGun,2.0,1.35,1.38,Test
1101,XYQPtMSRHCk,XYQPtMSRHCk_3.1_3.45,3.10,3.25,1.0,Gun,1.0,3.10,3.24,Test
1102,l7yy96mL9Gw,l7yy96mL9Gw_0.19_0.4,0.19,0.4,5.0,Gun,1.0,0.19,0.40,Train
1103,l7yy96mL9Gw,l7yy96mL9Gw_0.19_0.4,0.19,0.4,5.0,UnconcealedGun,2.0,0.19,0.33,Train
1104,l7yy96mL9Gw,l7yy96mL9Gw_0.19_0.4,0.19,0.4,5.0,UnconcealedGun,2.0,0.35,0.40,Train
1105,l7yy96mL9Gw,l7yy96mL9Gw_0.19_0.4,0.19,0.4,5.0,UnconcealedGun,3.0,0.19,0.25,Train
1106,l7yy96mL9Gw,l7yy96mL9Gw_0.19_0.4,0.19,0.4,5.0,UnconcealedGun,4.0,0.19,0.30,Train
1107,l7yy96mL9Gw,l7yy96mL9Gw_0.19_0.4,0.19,0.4,5.0,UnconcealedGun,5.0,0.24,0.25,Train
1108,l7yy96mL9Gw,l7yy96mL9Gw_0.19_0.4,0.19,0.4,5.0,UnconcealedGun,5.0,0.27,0.29,Train
1109,l7yy96mL9Gw,l7yy96mL9Gw_0.19_0.4,0.19,0.4,5.0,UnconcealedGun,5.0,0.32,0.33,Train
1110,l7yy96mL9Gw,l7yy96mL9Gw_0.41_0.58,0.41,0.58,3.0,Gun,1.0,0.41,0.56,Train
1111,l7yy96mL9Gw,l7yy96mL9Gw_0.41_0.58,0.41,0.58,3.0,UnconcealedGun,2.0,0.53,0.58,Train
1112,l7yy96mL9Gw,l7yy96mL9Gw_0.41_0.58,0.41,0.58,3.0,UnconcealedGun,3.0,0.57,0.58,Train
1113,l7yy96mL9Gw,l7yy96mL9Gw_0.59_1.05,0.59,1.05,6.0,Gun,1.0,0.59,1.05,Train
1114,l7yy96mL9Gw,l7yy96mL9Gw_0.59_1.05,0.59,1.05,6.0,UnconcealedGun,2.0,0.59,1.05,Train
1115,l7yy96mL9Gw,l7yy96mL9Gw_0.59_1.05,0.59,1.05,6.0,UnconcealedGun,3.0,0.59,1.05,Train
1116,l7yy96mL9Gw,l7yy96mL9Gw_0.59_1.05,0.59,1.05,6.0,UnconcealedGun,4.0,0.59,1.05,Train
1117,l7yy96mL9Gw,l7yy96mL9Gw_0.59_1.05,0.59,1.05,6.0,UnconcealedGun,5.0,1.00,1.04,Train
1118,l7yy96mL9Gw,l7yy96mL9Gw_0.59_1.05,0.59,1.05,6.0,UnconcealedGun,6.0,1.02,1.05,Train
1119,dSjQEPvdIsM,dSjQEPvdIsM_1.17_1.23,1.17,1.23,6.0,ConcealedGun,1.0,1.18,1.23,Train
1120,dSjQEPvdIsM,dSjQEPvdIsM_1.17_1.23,1.17,1.23,6.0,UnconcealedGun,2.0,1.17,1.19,Train
1121,dSjQEPvdIsM,dSjQEPvdIsM_1.17_1.23,1.17,1.23,6.0,UnconcealedGun,3.0,1.17,1.18,Train
1122,dSjQEPvdIsM,dSjQEPvdIsM_1.17_1.23,1.17,1.23,6.0,UnconcealedGun,4.0,1.17,1.19,Train
1123,dSjQEPvdIsM,dSjQEPvdIsM_1.17_1.23,1.17,1.23,6.0,UnconcealedGun,5.0,1.18,1.20,Train
1124,dSjQEPvdIsM,dSjQEPvdIsM_1.17_1.23,1.17,1.23,6.0,UnconcealedGun,6.0,1.20,1.23,Train
1125,dSjQEPvdIsM,dSjQEPvdIsM_1.24_1.31,1.24,1.31,2.0,Gun,1.0,1.24,1.31,Train
1126,dSjQEPvdIsM,dSjQEPvdIsM_1.24_1.31,1.24,1.31,2.0,UnconcealedGun,2.0,1.24,1.31,Train
1127,dSjQEPvdIsM,dSjQEPvdIsM_1.33_1.4,1.33,1.4,6.0,UnconcealedGun,1.0,1.33,1.40,Train
1128,dSjQEPvdIsM,dSjQEPvdIsM_1.33_1.4,1.33,1.4,6.0,UnconcealedGun,2.0,1.33,1.40,Train
1129,dSjQEPvdIsM,dSjQEPvdIsM_1.33_1.4,1.33,1.4,6.0,UnconcealedGun,3.0,1.33,1.40,Train
1130,dSjQEPvdIsM,dSjQEPvdIsM_1.33_1.4,1.33,1.4,6.0,UnconcealedGun,4.0,1.33,1.40,Train
1131,dSjQEPvdIsM,dSjQEPvdIsM_1.33_1.4,1.33,1.4,6.0,UnconcealedGun,5.0,1.33,1.40,Train
1132,dSjQEPvdIsM,dSjQEPvdIsM_1.33_1.4,1.33,1.4,6.0,Gun,6.0,1.34,1.40,Train
1133,dSjQEPvdIsM,dSjQEPvdIsM_1.41_1.52,1.41,1.52,3.0,Gun,1.0,1.41,1.52,Train
1134,dSjQEPvdIsM,dSjQEPvdIsM_1.41_1.52,1.41,1.52,3.0,UnconcealedGun,2.0,1.41,1.45,Train
1135,dSjQEPvdIsM,dSjQEPvdIsM_1.41_1.52,1.41,1.52,3.0,UnconcealedGun,3.0,1.41,1.43,Train
1136,dSjQEPvdIsM,dSjQEPvdIsM_1.54_2,1.54,2.0,1.0,Gun,1.0,1.54,2.00,Train
1137,dSjQEPvdIsM,dSjQEPvdIsM_2.01_2.09,2.01,2.09,1.0,Gun,1.0,2.01,2.09,Train
1138,dSjQEPvdIsM,dSjQEPvdIsM_2.19_2.22,2.19,2.22,5.0,UnconcealedGun,1.0,2.19,2.22,Train
1139,dSjQEPvdIsM,dSjQEPvdIsM_2.19_2.22,2.19,2.22,5.0,UnconcealedGun,2.0,2.19,2.22,Train
1140,dSjQEPvdIsM,dSjQEPvdIsM_2.19_2.22,2.19,2.22,5.0,UnconcealedGun,3.0,2.19,2.22,Train
1141,dSjQEPvdIsM,dSjQEPvdIsM_2.19_2.22,2.19,2.22,5.0,UnconcealedGun,4.0,2.19,2.22,Train
1142,dSjQEPvdIsM,dSjQEPvdIsM_2.19_2.22,2.19,2.22,5.0,Gun,5.0,2.20,2.22,Train
1143,dSjQEPvdIsM,dSjQEPvdIsM_2.23_2.34,2.23,2.34,6.0,Gun,1.0,2.23,2.24,Train
1144,dSjQEPvdIsM,dSjQEPvdIsM_2.23_2.34,2.23,2.34,6.0,UnconcealedGun,2.0,2.23,2.33,Train
1145,dSjQEPvdIsM,dSjQEPvdIsM_2.23_2.34,2.23,2.34,6.0,UnconcealedGun,3.0,2.23,2.33,Train
1146,dSjQEPvdIsM,dSjQEPvdIsM_2.23_2.34,2.23,2.34,6.0,UnconcealedGun,4.0,2.23,2.24,Train
1147,dSjQEPvdIsM,dSjQEPvdIsM_2.23_2.34,2.23,2.34,6.0,UnconcealedGun,5.0,2.23,2.24,Train
1148,dSjQEPvdIsM,dSjQEPvdIsM_2.23_2.34,2.23,2.34,6.0,UnconcealedGun,6.0,2.28,2.34,Train
1149,0vy0Cr9_IOo,0vy0Cr9_IOo_0.25_0.35,0.27,0.35,7.0,Gun,1.0,0.27,0.35,Test
1150,0vy0Cr9_IOo,0vy0Cr9_IOo_0.25_0.35,0.27,0.35,7.0,UnconcealedGun,2.0,0.27,0.35,Test
1151,0vy0Cr9_IOo,0vy0Cr9_IOo_0.25_0.35,0.27,0.35,7.0,UnconcealedGun,3.0,0.28,0.35,Test
1152,0vy0Cr9_IOo,0vy0Cr9_IOo_0.25_0.35,0.27,0.35,7.0,UnconcealedGun,4.0,0.31,0.35,Test
1153,0vy0Cr9_IOo,0vy0Cr9_IOo_0.25_0.35,0.27,0.35,7.0,UnconcealedGun,5.0,0.32,0.35,Test
1154,0vy0Cr9_IOo,0vy0Cr9_IOo_0.25_0.35,0.27,0.35,7.0,UnconcealedGun,6.0,0.32,0.35,Test
1155,0vy0Cr9_IOo,0vy0Cr9_IOo_0.25_0.35,0.27,0.35,7.0,UnconcealedGun,7.0,0.33,0.35,Test
1156,0vy0Cr9_IOo,0vy0Cr9_IOo_0.38_0.45,0.38,0.45,5.0,Gun,1.0,0.38,0.45,Test
1157,0vy0Cr9_IOo,0vy0Cr9_IOo_0.38_0.45,0.38,0.45,5.0,UnconcealedGun,2.0,0.38,0.45,Test
1158,0vy0Cr9_IOo,0vy0Cr9_IOo_0.38_0.45,0.38,0.45,5.0,UnconcealedGun,3.0,0.43,0.45,Test
1159,0vy0Cr9_IOo,0vy0Cr9_IOo_0.38_0.45,0.38,0.45,5.0,UnconcealedGun,4.0,0.44,0.45,Test
1160,0vy0Cr9_IOo,0vy0Cr9_IOo_0.38_0.45,0.38,0.45,5.0,UnconcealedGun,5.0,0.45,0.45,Test
1161,0vy0Cr9_IOo,0vy0Cr9_IOo_0.51_1.16,0.51,1.16,4.0,Gun,1.0,0.51,1.16,Test
1162,0vy0Cr9_IOo,0vy0Cr9_IOo_0.51_1.16,0.51,1.16,4.0,UnconcealedGun,2.0,0.51,1.16,Test
1163,0vy0Cr9_IOo,0vy0Cr9_IOo_0.51_1.16,0.51,1.16,4.0,UnconcealedGun,3.0,0.51,1.16,Test
1164,0vy0Cr9_IOo,0vy0Cr9_IOo_0.51_1.16,0.51,1.16,4.0,UnconcealedGun,4.0,0.51,1.00,Test
1165,bJHNu6MXz40,bJHNu6MXz40_0.13_0.16,0.13,0.16,1.0,Gun,1.0,0.13,0.16,Train
1166,bJHNu6MXz40,bJHNu6MXz40_0.18_0.24,0.18,0.24,2.0,Gun,1.0,0.19,0.24,Train
1167,bJHNu6MXz40,bJHNu6MXz40_0.18_0.24,0.18,0.24,2.0,UnconcealedGun,2.0,0.18,0.24,Train
1168,bJHNu6MXz40,bJHNu6MXz40_0.31_0.39,0.31,0.39,2.0,ConcealedGun,1.0,0.31,0.39,Train
1169,bJHNu6MXz40,bJHNu6MXz40_0.31_0.39,0.31,0.39,2.0,UnconcealedGun,2.0,0.31,0.37,Train
1170,hcqlVxjp5Yc,hcqlVxjp5Yc_0.09_0.31,0.09,0.31,3.0,Gun,1.0,0.18,0.30,Train
1171,hcqlVxjp5Yc,hcqlVxjp5Yc_0.09_0.31,0.09,0.31,3.0,Gun,2.0,0.11,0.20,Train
1172,hcqlVxjp5Yc,hcqlVxjp5Yc_0.09_0.31,0.09,0.31,3.0,Gun,2.0,0.22,0.28,Train
1173,hcqlVxjp5Yc,hcqlVxjp5Yc_0.09_0.31,0.09,0.31,3.0,UnconcealedGun,3.0,0.14,0.29,Train
1174,hcqlVxjp5Yc,hcqlVxjp5Yc_0.54_1.04,0.54,1.04,1.0,Gun,1.0,0.54,1.04,Train
1175,hcqlVxjp5Yc,hcqlVxjp5Yc_0.23_1.3,0.23,1.3,2.0,Gun,1.0,0.23,1.27,Train
1176,hcqlVxjp5Yc,hcqlVxjp5Yc_0.23_1.3,0.23,1.3,2.0,UnconcealedGun,2.0,0.25,1.29,Train
1177,JECz5AsPhzo,JECz5AsPhzo_0.33_0.52,0.33,0.52,3.0,Gun,1.0,0.33,0.51,Test
1178,JECz5AsPhzo,JECz5AsPhzo_0.33_0.52,0.33,0.52,3.0,UnconcealedGun,2.0,0.33,0.38,Test
1179,JECz5AsPhzo,JECz5AsPhzo_0.33_0.52,0.33,0.52,3.0,UnconcealedGun,3.0,0.33,0.36,Test
1180,JECz5AsPhzo,JECz5AsPhzo_1.34_1.51,1.34,1.51,2.0,Gun,1.0,1.34,1.51,Test
1181,JECz5AsPhzo,JECz5AsPhzo_1.34_1.51,1.34,1.51,2.0,UnconcealedGun,2.0,1.34,1.37,Test
1182,L8PukY37WRE,L8PukY37WRE_0.11_0.16,0.11,0.16,1.0,ConcealedGun,1.0,0.11,0.16,Train
1183,L8PukY37WRE,L8PukY37WRE_0.20_0.23,0.20,0.23,1.0,ConcealedGun,1.0,0.20,0.22,Train
1184,L8PukY37WRE,L8PukY37WRE_0.24_0.42,0.24,0.42,4.0,Gun,1.0,0.24,0.42,Train
1185,L8PukY37WRE,L8PukY37WRE_0.24_0.42,0.24,0.42,4.0,UnconcealedGun,2.0,0.24,0.42,Train
1186,L8PukY37WRE,L8PukY37WRE_0.24_0.42,0.24,0.42,4.0,UnconcealedGun,3.0,0.24,0.42,Train
1187,L8PukY37WRE,L8PukY37WRE_0.24_0.42,0.24,0.42,4.0,UnconcealedGun,4.0,0.24,0.42,Train
